Date,Time,Server1_meter1_avg,Server1_meter1_min,Server1_meter1_max,Server1_meter2_avg,Server1_meter2_min,Server1_meter2_max,Server1_meter3_avg,Server1_meter3_min,Server1_meter3_max,Server1_meter4_avg,Server1_meter4_min,Server1_meter4_max,Server1_meter5_avg,Server1_meter5_min,Server1_meter5_max,Server1_meter6_avg,Server1_meter6_min,Server1_meter6_max,Server1_meter7_avg,Server1_meter7_min,Server1_meter7_max,Server1_meter8_avg,Server1_meter8_min,Server1_meter8_max,Server1_meter9_avg,Server1_meter9_min,Server1_meter9_max,Server1_meter10_avg,Server1_meter10_min,Server1_meter10_max,Server1_meter11_avg,Server1_meter11_min,Server1_meter11_max,Server1_meter12_avg,Server1_meter12_min,Server1_meter12_max,Server1_meter13_avg,Server1_meter13_min,Server1_meter13_max,Server2_meter1_avg,Server2_meter1_min,Server2_meter1_max,Server2_meter2_avg,Server2_meter2_min,Server2_meter2_max,Server2_meter3_avg,Server2_meter3_min,Server2_meter3_max,Server2_meter4_avg,Server2_meter4_min,Server2_meter4_max,Server2_meter5_avg,Server2_meter5_min,Server2_meter5_max,Server2_meter6_avg,Server2_meter6_min,Server2_meter6_max,Server3_meter1_avg,Server3_meter1_min,Server3_meter1_max,Server3_meter2_avg,Server3_meter2_min,Server3_meter2_max,Server3_meter3_avg,Server3_meter3_min,Server3_meter3_max,Server3_meter4_avg,Server3_meter4_min,Server3_meter4_max,Server3_meter5_avg,Server3_meter5_min,Server3_meter5_max,Server3_meter6_avg,Server3_meter6_min,Server3_meter6_max,1st_Floor,2nd_Floor,3rd_Floor,4th_Floor,Utilities,TOTAL,1st_Floor_Kwh,2nd_Floor_Kwh,3rd_Floor_Kwh,4th_Floor_Kwh,Utilities_Kwh,TOTAL_Kwh
05/16/2023,00:00,219.732,155.561,283.572,130.964,128.361,134.791,186.686,184.52,190.179,684.619,505.822,725.854,869.343,745.017,985.049,173.021,171.523,175.629,1051.217,994.273,1130.107,798.978,790.17,807.519,1823.645,1764.513,1927.158,542.642,585.217,524.413,602.195,409.515,1069.181,5065.03,3871.184,6881.748,2111.621,2019.304,2305.558,16628.609,16433.816,16940.256,3702.576,3633.705,3714.222,120.992,120.044,122.206,14713.845,12172.283,16192.416,3686.756,3503.51,4571.853,4801.787,4515.403,5320.002,2334.527,2128.263,3477.725,2076.96,2001.738,2185.331,2166.573,2072.258,2450.214,3066.727,2905.432,3354.652,529.506,525.613,533.234,108.083,107.503,108.734,2554.259,3675.6310000000003,6626.2080000000005,5250.192999999999,13815.137999999999,31921.429,0.21285491666666667,0.3063025833333334,0.552184,0.43751608333333325,1.1512615000000002,2.660119083333333
05/16/2023,00:05,264.249,260.417,269.761,102.501,32.039,130.563,186.386,185.275,186.904,503.58,486.449,513.176,933.48,862.564,959.295,172.979,171.935,173.425,1044.126,998.856,1149.54,818.386,791.233,872.144,1712.743,1620.356,1771.045,542.685,567.958,530.659,591.666,410.714,913.302,3659.206,3265.215,4299.262,2076.088,2000.202,2205.501,16631.715,16429.594,16924.502,3806.246,3712.376,3824.682,1822.585,116.886,31033.557,14159.907,12265.896,15660.514,3723.674,3518.221,4527.954,4746.666,4489.453,5241.214,2127.74,2047.965,2232.665,2143.314,2015.933,2420.499,2278.182,2138.767,2412.045,2947.96,2859.562,3079.602,529.979,526.106,535.059,108.403,107.759,109.072,2391.9889999999996,3805.865,6208.409,5345.635,14241.759,31993.657,0.19933241666666662,0.31715541666666663,0.5173674166666666,0.44546958333333336,1.18681325,2.6661380833333332
05/16/2023,00:10,266.621,265.275,267.646,32.125,30.07,33.239,218.456,186.294,241.147,507.18,499.342,516.717,833.423,658.25,871.106,173.826,172.785,174.741,1160.766,999.64,1384.902,803.667,791.588,820.766,1670.088,1610.308,1847.347,525.951,548.52,515.11,944.253,848.622,1747.361,3342.399,3249.852,3825.103,1946.429,1820.794,2175.092,16493.611,16431.43,16517.502,3764.822,3715.729,3826.783,120.353,119.803,121.057,14779.927,13241.365,16073.422,3812.244,3522.11,4537.583,5215.948,4517.333,6487.435,2340.241,2159.158,2486.208,2151.157,2017.255,2674.691,2222.317,2052.009,2409.113,2833.996,2767.314,2934.63,531.208,526.882,534.941,108.553,108.206,109.364,2606.862,3728.987,6172.030000000001,5146.239,12623.832,30277.950000000004,0.21723850000000003,0.31074891666666665,0.5143358333333333,0.42885325,1.051986,2.5231625
05/16/2023,00:15,170.023,164.855,266.645,30.568,29.64,31.758,235.342,234.141,236.261,673.458,502.325,756.184,659.585,657.943,663.043,173.895,173.215,174.466,1039.905,989.818,1138.421,801.207,705.893,983.386,1523.734,1343.724,1703.721,494.062,531.623,471.672,2094.719,1542.144,2895.543,3296.138,2752.059,4503.783,1841.451,1706.986,2425.705,16274.821,16177.111,16454.766,3567.971,3525.005,3717.756,121.19,120.657,121.497,14672.635,13089.723,16122.174,3644.311,3250.247,4541.388,4681.015,4515.196,5334.31,2415.54,2218.848,2935.085,2046.959,1912.998,2368.239,2140.612,2050.0,2281.743,2787.924,2734.964,2826.382,530.465,527.958,533.282,108.481,108.041,108.99,2585.563,3435.9480000000003,6025.021,4957.165,13363.275,30366.972,0.21546358333333332,0.286329,0.5020850833333333,0.41309708333333334,1.1136062500000001,2.530581
05/16/2023,00:20,167.072,165.805,171.396,30.542,29.22,31.281,381.186,168.252,964.852,701.045,670.474,717.627,660.152,658.224,665.665,173.744,173.251,175.07,1040.647,1007.652,1104.799,1041.174,909.264,1236.088,1441.388,1372.323,1512.094,519.633,552.175,507.445,2039.888,427.686,2913.94,3194.897,2760.608,4400.792,1779.793,1690.608,2112.25,15855.873,15791.313,16211.06,3469.376,3426.098,3528.371,121.024,120.712,121.42,14974.696,13041.279,16197.688,3508.7,3240.052,4275.176,5064.315,5012.46,5305.311,2534.462,2080.123,2869.252,1965.979,1922.726,2072.895,1926.133,1797.144,2084.667,2804.789,2622.253,2953.936,530.456,525.223,535.908,199.326,108.443,231.201,2701.534,3526.95,5987.869000000001,4920.844,13063.666999999998,30200.863999999998,0.22512783333333333,0.2939125,0.4989890833333333,0.4100703333333333,1.0886389166666666,2.516738666666666
05/16/2023,00:25,165.814,164.341,166.888,30.645,29.604,31.339,153.673,121.843,168.389,490.596,462.5,696.746,883.001,658.669,1045.379,435.537,386.435,1388.199,1122.852,984.853,1341.002,925.06,905.079,1226.426,1375.995,1245.54,1493.044,545.309,554.988,530.604,824.888,432.038,1030.455,2918.675,2822.816,3207.729,1694.734,1613.724,2194.996,15967.179,15773.242,16368.735,3268.879,3222.937,3424.915,120.923,120.271,125.818,14571.638,13066.033,15708.771,3408.327,3242.657,4409.818,4694.66,4503.059,5308.22,2228.029,1994.25,2550.87,1838.847,1716.284,2051.209,1913.099,1830.766,2370.746,2856.042,2762.073,3033.379,531.69,528.121,534.695,206.517,204.806,208.541,2393.843,3420.83,5845.485000000001,4968.43,11279.899,27908.487,0.19948691666666668,0.2850691666666667,0.48712375,0.4140358333333334,0.9399915833333332,2.32570725
05/16/2023,00:30,164.51,164.008,165.187,30.599,29.512,31.566,122.03,121.806,122.452,476.91,464.331,489.857,869.318,866.268,873.429,383.278,380.174,387.317,1285.447,1217.266,1646.917,916.239,906.234,930.335,1260.647,1223.972,1410.069,527.65,546.984,519.687,603.567,413.558,901.309,3058.481,2831.061,3487.724,1693.142,1596.749,2061.016,15888.192,15590.906,16352.855,2961.802,2876.983,3225.874,120.776,120.239,121.402,15667.979,14024.875,17126.521,3415.078,3331.833,3951.755,4508.912,4501.148,4515.055,2431.774,2194.892,2602.272,1873.742,1682.94,2282.653,1993.651,1865.153,2095.478,2729.678,2607.479,2877.951,530.587,527.182,534.422,263.761,204.083,679.054,2596.2839999999997,3392.74,5752.682,4986.31,10954.052,27682.068,0.21635699999999997,0.2827283333333333,0.4793901666666667,0.41552583333333337,0.9128376666666665,2.306839
05/16/2023,00:35,163.45,162.366,164.122,89.491,30.113,147.676,121.893,121.633,122.216,569.791,464.094,712.991,865.224,863.363,867.701,379.308,375.8,382.109,1402.355,1202.571,1615.628,1047.115,911.247,1240.01,1266.931,1248.831,1386.043,528.002,548.455,518.244,755.622,414.774,1069.868,4741.497,3343.727,7080.514,1677.657,1610.65,2030.465,15712.303,15576.926,15856.274,3118.931,2924.045,3402.062,121.176,120.898,121.547,15767.987,14271.896,16953.215,3717.712,3345.056,4382.944,5087.481,4500.577,5772.55,2445.794,2197.292,2752.226,1822.162,1714.228,2043.984,1949.139,1861.484,2019.15,2577.395,2448.814,2716.699,532.29,526.663,535.753,166.406,153.907,251.593,2609.2439999999997,3337.281,5816.472,5053.219,13153.634,29969.85,0.21743699999999996,0.27810674999999996,0.484706,0.42110158333333336,1.0961361666666667,2.4974875
05/16/2023,00:40,163.125,161.839,164.372,130.201,127.921,132.494,121.719,120.796,122.698,670.621,666.409,678.897,667.932,657.153,861.967,510.582,174.742,1240.411,1262.772,1184.314,1311.276,917.309,908.0,926.841,1391.774,1358.572,1448.984,546.23,691.285,513.743,716.082,412.79,1025.85,5209.638,3360.396,7252.361,1646.157,1580.889,1922.086,16244.39,15826.066,16448.752,3568.61,3400.853,3719.848,3114.906,118.126,33901.359,14972.892,13089.979,16469.115,3640.191,3301.099,4460.475,4740.742,4494.357,5285.452,2603.811,2216.412,3014.314,1966.576,1900.914,2075.637,1860.56,1739.718,2225.393,2632.551,2487.866,2969.522,531.483,527.119,536.73,154.296,153.477,155.165,2766.936,3302.4570000000003,5957.718,4934.608,16935.206,33896.925,0.230578,0.27520475000000005,0.4964765,0.4112173333333333,1.4112671666666667,2.82474375
05/16/2023,00:45,275.499,163.877,574.008,85.422,32.521,130.867,137.122,122.061,175.922,518.87,455.306,668.284,723.402,658.569,1697.615,174.904,174.403,175.437,1389.354,1186.722,1571.857,919.957,911.174,929.398,1466.348,1323.04,1894.478,520.304,540.034,511.585,711.41,415.5,939.234,3274.8,3218.182,3371.957,1713.405,1603.957,2064.02,16431.688,16384.277,16467.555,3725.109,3717.895,3786.619,121.262,120.979,121.556,15185.339,13463.242,16314.786,3772.423,3363.011,4521.954,5281.392,5049.713,5897.259,2629.446,2557.234,2663.282,2121.42,1857.007,2394.696,1866.638,1761.111,1990.063,2532.26,2504.165,2564.76,531.8,524.594,535.8,153.72,152.873,154.827,2904.9449999999997,3502.248,5906.832,4674.9039999999995,12290.523999999998,29279.452999999998,0.24207874999999998,0.29185400000000006,0.49223600000000006,0.3895753333333333,1.0242103333333332,2.4399544166666667
05/16/2023,00:50,261.639,260.508,263.538,32.652,31.719,33.526,122.387,121.724,122.671,456.816,455.021,459.102,930.645,769.029,1003.635,174.719,174.064,175.649,1224.617,1177.326,1297.395,1046.055,721.796,1243.603,1284.851,1263.055,1365.823,506.115,550.633,471.183,737.653,414.992,1036.664,4235.583,3213.217,5932.247,1660.413,1540.53,1990.999,16514.922,16349.984,17553.877,3782.845,3780.767,3786.047,5566.208,119.93,31340.562,15331.595,13760.165,16597.621,3854.746,3379.361,4521.954,5127.897,4514.291,5920.65,2241.898,2111.495,2658.686,2213.739,2060.245,2326.386,1763.259,1659.162,1873.391,2610.252,2523.665,2663.841,531.694,528.168,536.865,152.546,151.694,153.138,2503.5370000000003,3772.886,5576.536,4644.446,18861.274999999998,35358.67999999999,0.20862808333333335,0.3144071666666667,0.46471133333333337,0.38703716666666665,1.5717729166666663,2.946556666666666
05/16/2023,00:55,219.823,158.932,260.995,30.65,29.923,31.63,664.267,122.325,922.536,502.786,455.03,720.326,1005.249,988.298,1157.619,174.626,173.609,175.491,1383.297,1174.239,1624.476,722.072,716.592,736.653,1340.523,1327.642,1396.198,497.588,518.491,478.044,634.729,415.336,1055.17,6085.854,5352.881,7208.953,1567.564,1533.415,1872.707,17868.408,17517.258,18051.889,3653.242,3612.161,3782.012,2428.536,118.621,31554.781,15177.642,13140.566,16512.289,3724.714,3353.363,4449.157,4522.152,4511.546,4556.145,2214.532,2163.933,2369.497,2064.369,1944.401,2237.312,1841.861,1717.252,1908.908,2628.292,2527.15,2735.934,531.803,527.557,534.505,152.097,150.999,154.757,2434.355,4231.473,5854.897999999999,4306.1230000000005,17210.975000000002,34037.824,0.20286291666666664,0.35262274999999993,0.48790816666666664,0.3588435833333334,1.4342479166666668,2.836485333333333
05/16/2023,01:00,159.237,158.659,160.251,30.493,29.512,31.393,915.964,913.319,918.342,684.258,674.123,702.816,1041.601,856.159,1056.233,174.617,173.81,175.628,1226.78,1173.684,1295.307,721.744,716.764,734.015,1400.553,1325.435,1472.53,481.939,502.788,448.001,790.783,421.494,889.438,4903.773,2880.811,5698.85,1569.688,1439.099,2304.444,17540.508,17484.355,17575.182,3682.417,3613.96,3704.333,121.289,120.802,122.17,14817.219,12998.289,16293.355,3557.954,3379.664,4362.167,4693.582,4510.347,5789.338,2458.459,2266.231,2690.699,1935.439,1861.398,2027.307,1866.359,1826.506,1937.296,2578.038,2429.89,2723.44,532.084,528.26,536.392,138.842,108.899,152.141,2617.696,4374.943,5889.629000000001,4332.407999999999,13727.142000000002,30941.818,0.21814133333333333,0.3645785833333333,0.49080241666666674,0.3610339999999999,1.1439285000000001,2.5784848333333334
05/16/2023,01:05,159.219,158.782,159.696,30.716,29.639,31.841,914.811,912.655,917.596,570.056,450.369,678.9,841.691,835.337,849.486,174.8,174.331,175.327,1380.964,1182.728,1572.411,732.474,719.394,842.719,1500.705,1400.741,1815.646,488.752,500.721,480.992,1509.268,365.157,2756.494,4254.367,2966.637,5684.023,1585.79,1448.834,2025.83,17500.719,17479.117,17515.594,3703.308,3700.869,3704.878,121.839,121.615,122.033,14188.245,12568.021,15557.646,3761.777,3347.199,4468.911,5163.384,4525.592,6536.453,2488.11,2142.84,3037.661,1985.007,1834.364,2194.5,1917.726,1838.576,1995.817,2368.582,2337.935,2429.151,531.52,528.56,535.653,109.223,108.662,110.758,2647.329,4230.261,5820.307,4410.790000000001,13991.302,31099.989,0.22061075,0.35252175,0.48502558333333334,0.36756583333333337,1.1659418333333333,2.59166575
05/16/2023,01:10,159.037,158.6,159.496,30.607,29.612,31.509,913.834,910.881,917.141,449.652,447.717,453.076,843.4,818.537,856.151,174.774,174.411,175.289,1274.861,1204.989,1580.882,829.68,817.845,906.734,1408.291,1356.628,1507.832,470.793,560.412,446.501,2369.377,1887.22,2839.59,3787.531,2875.952,5631.672,1553.761,1418.487,1984.269,17362.533,17182.52,17591.311,3704.306,3702.941,3705.979,121.359,121.011,122.192,14215.198,12654.132,15340.959,3696.894,3320.254,4544.54,4526.243,4518.971,4538.914,2138.013,1918.93,2416.528,1928.347,1881.794,2006.923,1959.235,1895.575,2005.826,2380.792,2285.942,2790.356,531.331,525.652,535.407,109.102,108.662,110.084,2297.0499999999997,4156.374,5513.596,4517.45,14319.900000000001,30804.37,0.1914208333333333,0.34636449999999996,0.45946633333333325,0.37645416666666665,1.193325,2.5670308333333334
05/16/2023,01:15,159.728,158.909,160.456,106.477,29.576,151.003,916.336,913.347,920.307,449.184,447.551,451.054,1591.855,716.32,4535.975,175.168,174.679,176.04,1397.776,1198.697,1590.881,821.612,815.916,833.448,1298.214,1257.794,1391.846,476.999,509.161,464.405,1151.433,877.172,1994.954,3520.383,3034.293,4462.404,1653.346,1576.409,1884.901,16593.271,15469.281,17240.127,3487.713,3117.419,3705.087,122.99,121.079,134.259,15354.253,13380.738,16493.035,3482.837,3305.883,4361.793,4526.77,4519.662,4570.899,2125.465,1966.05,2501.721,2025.213,1888.425,2306.098,1833.676,1681.536,2004.702,2403.12,2316.324,2557.147,532.312,528.151,535.801,109.122,108.616,109.929,2285.193,5010.402999999999,5548.294,4483.802,12406.789999999999,29734.481999999996,0.19043275,0.41753358333333324,0.46235783333333336,0.3736501666666666,1.0338991666666666,2.4778735
05/16/2023,01:20,159.198,158.381,159.833,129.932,128.099,131.867,912.835,909.08,918.06,627.619,445.163,779.247,1411.076,702.809,4487.16,322.526,173.801,427.075,1277.003,1178.071,1571.239,826.575,807.283,1072.903,1261.504,1198.696,1341.743,501.054,516.412,493.542,671.853,420.188,1063.008,3207.061,2874.547,4186.505,1640.154,1503.983,1968.221,16221.054,15536.451,16572.73,3357.007,3116.674,3706.449,1437.452,119.094,31489.566,15535.569,14164.785,17208.668,3535.633,3326.586,4422.361,4516.663,4507.328,4533.869,2150.022,1904.546,2498.324,2036.874,1950.29,2154.627,1709.307,1621.448,2159.677,2336.785,2256.159,2460.518,532.418,528.177,535.716,108.809,108.379,109.637,2309.22,4861.839,5502.911,4498.562,12850.232999999998,30022.765,0.19243499999999997,0.40515325,0.4585759166666667,0.3748801666666666,1.0708527499999998,2.5018970833333336
05/16/2023,01:25,173.605,158.586,282.508,67.964,32.102,134.326,185.892,122.352,913.884,612.607,444.221,659.012,705.668,702.328,708.027,385.677,382.307,391.777,1115.206,985.535,1369.286,1168.668,1013.72,1347.414,1263.943,1207.292,1699.442,504.685,526.774,494.403,580.346,414.487,902.232,3147.713,3123.045,3275.034,1688.327,1552.563,2247.058,16058.896,15997.18,16100.765,3702.89,3699.615,3705.488,120.763,120.507,121.447,15628.854,14223.229,17438.926,3583.018,3291.342,4368.222,4519.676,4507.201,4685.05,2048.844,1881.826,2385.919,2007.122,1922.489,2130.472,1667.948,1442.513,1726.629,2194.013,2101.998,2328.654,532.005,529.8,535.726,178.896,108.406,229.922,2222.449,3403.367,5185.769,4910.62,11845.631,27567.836000000003,0.18520408333333335,0.28361391666666663,0.4321474166666667,0.4092183333333333,0.9871359166666667,2.297319666666667
05/16/2023,01:30,266.403,261.969,278.896,33.333,32.341,34.209,122.613,122.325,122.916,444.992,441.915,447.047,585.664,410.949,705.186,380.981,378.133,384.653,995.931,974.166,1025.954,1016.463,1009.616,1029.205,1316.628,1251.791,1348.475,473.325,513.017,397.247,884.441,856.156,1042.081,3311.918,3181.986,3586.108,1518.401,1452.483,1896.191,16010.467,15990.211,16037.865,3700.032,3653.616,3703.516,121.362,121.07,121.765,15981.627,14142.248,17458.297,3601.464,3281.594,4367.984,5290.869,4546.697,5766.322,2063.575,1836.488,2446.721,1921.188,1832.463,2049.08,1753.318,1657.553,1958.228,2296.979,2232.616,2365.479,532.232,528.514,537.495,207.945,205.765,211.182,2329.978,3102.79,5054.53,4669.1630000000005,12359.394,27515.855,0.19416483333333331,0.25856583333333333,0.4212108333333333,0.3890969166666667,1.0299494999999999,2.2929879166666667
05/16/2023,01:35,260.881,259.585,262.696,31.571,30.344,33.597,275.53,121.925,919.206,443.469,439.94,446.069,410.755,409.478,411.394,322.287,173.051,378.961,969.282,952.618,987.754,1010.804,1003.566,1023.873,1368.661,1283.217,1792.538,323.353,350.701,294.0,616.113,414.694,1046.413,3237.795,3200.132,3296.343,1522.894,1451.457,1900.082,16010.598,15979.237,16033.479,3700.367,3698.043,3702.234,121.267,120.934,121.579,14724.948,12807.332,16148.521,3782.757,3346.614,4490.347,4929.089,4515.468,5342.71,2144.681,1973.711,2520.979,1941.334,1821.395,2222.112,1783.97,1526.925,2272.657,2432.213,2344.916,2893.399,531.191,527.402,533.728,204.044,202.494,205.81,2405.562,2950.9719999999998,5213.625,4639.955,12193.534000000001,27403.648,0.2004635,0.2459143333333333,0.43446875,0.38666291666666674,1.0161278333333335,2.283637333333333
05/16/2023,01:40,191.001,157.635,260.194,31.108,30.345,31.958,122.215,121.779,122.525,592.438,440.67,1260.843,410.725,409.632,416.094,426.819,172.822,1115.311,989.088,958.368,1026.215,1145.674,1000.91,1334.257,1300.254,1222.981,1815.229,295.224,315.571,287.221,661.686,413.455,912.004,3711.091,3112.838,4728.481,1546.183,1457.212,2019.541,16062.335,15997.0,16096.92,3630.804,3497.145,3701.243,121.654,119.866,134.068,14716.063,12506.609,16234.603,3905.678,3352.908,4548.924,5320.267,4695.949,5774.421,1942.666,1896.284,2317.463,1875.624,1740.72,2005.961,1640.29,1563.377,1712.031,2443.721,2339.467,2575.976,531.88,527.894,535.078,142.651,108.114,203.652,2133.667,2703.788,5325.501,4758.966,12705.444,27627.366,0.17780558333333332,0.2253156666666667,0.44379175000000004,0.3965805,1.0587870000000001,2.3022805
05/16/2023,01:45,158.551,157.868,163.099,31.163,30.236,31.931,122.223,121.934,122.58,651.604,645.845,666.154,629.842,618.239,686.419,174.07,173.278,174.778,962.974,908.236,1024.259,1007.772,989.109,1074.377,1236.612,1158.142,1286.061,358.342,408.526,314.391,804.496,414.152,1032.312,3085.953,2793.233,3286.097,1561.938,1469.564,2018.832,16155.584,16055.775,16221.818,3403.009,3309.968,3599.043,1371.741,120.293,30149.66,14578.931,12754.426,16215.492,3649.73,3382.593,4491.867,5223.274,4518.925,5590.609,1917.016,1781.624,2379.821,1786.791,1740.069,1874.173,1620.078,1539.92,1703.853,2535.377,2462.03,2613.65,531.099,527.52,535.552,108.744,108.279,109.792,2075.567,2897.198,5386.567,4363.858,12954.772,27677.962,0.17296391666666666,0.24143316666666667,0.44888058333333336,0.3636548333333333,1.0795643333333333,2.306496833333333
05/16/2023,01:50,158.063,157.49,158.941,31.22,30.327,31.703,427.643,121.679,920.27,462.094,450.485,660.626,546.914,494.929,618.756,174.331,173.646,174.697,914.286,904.031,947.901,1052.6,987.381,1323.585,1200.073,1101.607,1507.322,392.795,403.779,389.413,599.383,368.83,885.427,3015.784,2865.133,3067.38,1439.971,1339.46,1492.209,15658.087,15623.133,15952.553,3311.096,3309.097,3313.607,121.038,120.439,121.434,14640.13,12868.598,15750.896,3569.428,3294.787,4434.722,4643.924,4498.562,5331.266,1981.07,1878.178,2498.522,1777.762,1647.89,1989.392,1706.223,1512.127,2511.502,2646.607,2521.642,2977.691,530.246,527.046,532.698,108.433,107.868,108.981,2139.133,3145.114,5223.0599999999995,4373.125,11255.408,26135.839999999997,0.17826108333333332,0.26209283333333333,0.43525499999999995,0.3644270833333333,0.9379506666666665,2.177986666666666
05/16/2023,01:55,158.608,157.654,166.006,124.18,30.894,148.485,122.161,121.834,122.534,452.697,450.566,463.67,333.051,291.613,496.952,174.57,173.242,176.343,1001.393,904.142,1256.011,1083.882,997.943,1334.667,1224.832,1103.006,1434.387,392.485,406.029,388.333,1890.616,661.545,2604.637,2867.319,2859.073,2876.661,1451.895,1424.421,1664.485,15549.206,15431.143,15664.723,3155.52,3011.432,3312.507,121.188,120.866,121.502,14356.254,12553.038,16256.363,3746.553,3283.597,4639.224,4751.965,4499.25,5757.172,1918.526,1675.717,2299.929,1907.226,1650.668,2099.093,1570.842,1411.171,2055.54,2747.056,2631.519,3338.34,531.169,528.332,534.157,108.785,108.361,109.5,2077.134,2754.9230000000002,5425.978000000001,4281.189,12421.15,26960.374000000003,0.1730945,0.2295769166666667,0.45216483333333346,0.35676575,1.0350958333333333,2.2466978333333336
05/16/2023,02:00,159.067,158.468,161.507,129.551,127.639,132.126,122.335,122.097,122.616,513.038,451.36,696.897,293.303,292.45,298.43,174.338,173.709,174.952,957.579,909.144,1238.873,1005.727,998.59,1025.347,1267.404,1253.036,1280.672,394.315,408.099,389.468,2090.568,1647.007,2740.172,2894.071,2700.799,3954.66,1560.935,1486.442,1900.137,15655.674,15457.644,15738.488,3276.031,3013.742,3314.924,340.323,120.666,5377.566,14810.36,13343.963,16275.075,3731.023,3448.987,4673.312,4889.813,4517.277,5694.612,1823.455,1647.484,2154.601,1927.856,1815.074,2193.479,1589.551,1535.097,1866.106,2579.9,2427.781,2718.323,531.018,526.49,534.14,109.073,108.543,109.51,1982.522,2737.809,5317.921,4330.5509999999995,12972.107,27340.91,0.16521016666666669,0.22815075000000004,0.4431600833333334,0.36087924999999993,1.0810089166666668,2.278409166666666
05/16/2023,02:05,159.185,158.713,160.228,56.769,30.892,128.904,122.52,122.216,122.88,666.671,661.949,680.047,374.738,292.087,532.89,174.731,174.293,175.676,915.209,902.329,954.0,1144.452,997.789,1341.79,1464.823,1363.341,1496.697,371.046,398.507,355.092,744.594,425.187,1621.762,3308.754,2820.664,4516.813,1509.502,1455.726,1812.573,15697.086,15634.477,15734.637,3312.019,3310.533,3313.344,120.986,120.625,121.702,16086.895,14096.501,17638.039,4075.838,3687.323,4974.037,4518.595,4511.657,4525.634,1956.52,1741.379,2291.886,1850.432,1717.482,2084.49,1658.595,1562.921,2070.776,2380.534,2339.632,2440.287,531.5,526.664,535.863,108.979,108.553,109.263,2115.705,2718.736,5427.237000000001,4487.28,12202.67,26951.627999999997,0.17630875000000001,0.22656133333333336,0.4522697500000001,0.37393999999999994,1.0168891666666666,2.2459689999999997
05/16/2023,02:10,203.426,158.318,281.475,33.219,32.249,34.046,122.257,121.888,122.661,509.822,452.147,662.893,521.028,489.629,611.223,174.662,174.275,175.346,919.664,908.589,933.857,1005.357,989.055,1025.038,1470.149,1383.43,1790.788,358.849,399.622,338.193,795.764,425.477,1058.735,2848.213,2740.78,3255.774,1638.393,1507.765,2096.614,15964.931,15622.409,16177.523,3239.152,3209.179,3312.252,121.445,121.22,121.679,16027.012,14237.201,17453.434,3979.292,3665.063,4928.579,4625.048,4508.64,5310.474,2297.668,1775.544,2951.352,1668.834,1613.765,1825.656,1641.32,1523.676,1739.268,2391.987,2307.592,2507.924,530.728,526.873,534.495,108.725,108.288,109.145,2501.094,2670.968,5291.621999999999,4459.732,11623.319,26546.735,0.2084245,0.22258066666666668,0.44096849999999993,0.37164433333333335,0.9686099166666666,2.212227916666666
05/16/2023,02:15,262.399,259.753,266.463,31.802,30.306,33.386,148.528,121.251,768.113,451.844,449.278,455.993,526.455,383.526,606.387,280.375,173.105,435.963,1100.552,907.198,1183.073,1000.535,983.186,1013.028,1388.805,1340.013,1454.392,364.214,388.178,338.302,651.889,414.099,1052.27,3270.167,3230.261,3351.006,1840.856,1706.905,2193.635,15683.773,15433.522,16159.152,3198.988,2930.695,3212.761,121.226,120.88,121.684,15002.137,13126.06,16358.789,4446.041,3734.561,5385.759,4568.98,4503.105,5345.081,2061.86,1668.432,2604.515,1826.052,1617.621,2388.488,1558.916,1301.02,2029.134,2421.6,2330.616,2556.127,530.748,526.681,535.972,108.482,108.133,108.862,2324.259,2865.249,5362.8009999999995,4680.682,12327.541,27560.532,0.19368825,0.23877075,0.44690008333333325,0.3900568333333333,1.0272950833333332,2.296711
05/16/2023,02:20,259.559,258.639,260.84,31.229,30.407,31.776,910.423,907.406,915.721,450.723,437.652,456.177,381.588,379.287,384.986,386.253,382.474,391.172,1269.109,1114.256,1442.3,1053.291,801.705,1323.012,1514.643,1422.42,1553.003,340.994,361.642,331.995,787.177,418.786,901.476,3304.403,3198.07,3412.111,1751.016,1657.202,1997.944,15559.286,15404.219,15818.652,3124.52,2910.196,3212.015,121.244,121.02,121.543,14232.219,12515.961,15551.551,4475.779,3583.897,6389.874,4678.713,4501.223,5355.316,1861.505,1627.702,2178.777,1754.724,1635.267,1888.45,1347.018,1263.405,1757.167,2450.894,2215.47,2605.609,531.419,526.18,534.54,108.643,108.224,109.263,2121.0640000000003,3387.7290000000003,5685.369,4537.5779999999995,12453.185,28184.925,0.17675533333333338,0.28231075,0.47378075,0.3781315,1.0377654166666666,2.34874375
05/16/2023,02:25,162.448,157.772,258.138,31.121,30.328,32.105,405.63,122.106,910.09,653.72,451.792,696.79,378.33,377.109,380.622,380.952,378.065,383.331,1116.136,1108.53,1143.061,831.195,823.614,842.156,1433.708,1366.729,1487.326,360.095,376.181,356.796,752.867,413.213,1024.765,3662.872,3163.152,4870.619,1597.857,1335.271,1888.676,15853.553,15804.522,15902.453,3208.97,3207.816,3210.59,120.998,120.584,121.338,14447.608,12587.431,15547.777,3935.76,3558.615,4816.669,5413.561,4578.786,6292.25,1843.566,1633.453,2131.564,1636.142,1567.376,1755.069,1356.24,1231.111,1462.825,2264.422,2168.338,2721.551,530.538,526.681,534.997,113.78,108.589,180.09,2006.0140000000001,2780.197,5467.986000000001,4166.244,12325.785,26746.226,0.16716783333333332,0.23168308333333335,0.45566550000000006,0.34718699999999997,1.02714875,2.2288521666666665
05/16/2023,02:30,158.802,158.409,159.359,31.046,30.417,31.804,582.164,122.106,917.459,564.915,449.456,665.64,575.48,377.256,614.51,360.561,173.809,379.678,1298.382,1106.691,1512.826,817.02,731.986,842.165,1234.635,1139.654,1366.7,376.606,406.255,356.661,592.552,415.998,1000.453,3386.976,2905.659,4339.966,1346.944,1248.663,1695.966,15852.855,15767.481,15922.284,3208.625,3207.134,3210.263,120.946,120.516,121.561,15108.51,13305.342,16376.429,5035.784,3627.514,6564.589,4778.579,4517.396,6084.106,1810.948,1636.941,2222.116,1625.518,1567.656,1713.407,961.974,861.547,1251.054,2184.655,2114.042,2687.915,530.624,525.25,535.088,213.372,156.372,588.365,1969.75,3159.768,5282.5869999999995,3486.499,13088.878999999999,26987.483,0.16414583333333335,0.26331400000000005,0.4402155833333333,0.29054158333333335,1.0907399166666667,2.248956916666667
05/16/2023,02:35,158.951,158.45,160.128,132.405,30.473,148.758,315.049,122.043,915.221,453.629,449.749,457.71,580.037,576.759,582.021,174.58,174.148,175.199,1165.548,1140.446,1475.201,740.193,732.132,756.896,1172.419,1110.518,1243.839,360.738,378.287,356.87,859.803,437.054,898.365,3357.823,2862.777,4821.097,1411.656,1345.513,1742.906,15974.751,15777.459,16310.194,3149.733,2907.452,3209.4,121.379,121.057,121.606,15479.798,14028.781,16542.152,4075.555,3525.812,4804.302,5234.828,5015.694,6121.296,1759.303,1647.128,2076.376,1684.982,1545.55,2260.553,1062.117,960.505,1133.178,2175.376,2127.177,2397.563,530.976,527.794,534.997,257.292,253.127,263.078,1918.2540000000001,2940.806,4966.972000000001,3388.5460000000003,12352.561,25567.139000000003,0.1598545,0.24506716666666667,0.4139143333333334,0.28237883333333336,1.0293800833333333,2.130594916666667
05/16/2023,02:40,159.563,159.146,159.887,129.242,127.815,131.163,250.305,122.671,924.419,454.349,450.586,461.139,390.507,372.362,579.454,431.229,174.679,1145.003,1307.476,1141.21,1492.44,740.118,734.042,753.921,1209.245,1118.925,1486.751,382.539,413.879,356.934,1907.176,425.752,2763.637,2881.218,2811.981,2917.823,1287.166,1210.06,1641.973,15787.163,15606.487,16142.164,2907.5,2905.925,2909.771,121.561,121.302,122.047,15347.104,13982.521,16302.17,4146.265,3665.204,4827.667,5099.457,5023.456,5727.544,1901.903,1744.7,2232.844,1628.383,1542.14,1713.012,948.385,854.437,1192.963,2193.756,2105.229,2593.992,531.995,528.67,535.68,250.891,249.144,252.726,2061.466,2651.734,5164.825999999999,3406.898,12746.606000000002,26031.53,0.17178883333333334,0.22097783333333335,0.43040216666666664,0.28390816666666674,1.0622171666666669,2.1692941666666665
05/16/2023,02:45,159.651,159.073,160.178,44.241,30.5,129.022,189.491,122.652,922.445,588.795,440.116,830.921,300.273,285.063,375.058,175.087,174.485,175.665,1135.488,1107.088,1223.502,658.926,552.988,784.1,1176.89,1160.943,1217.971,419.531,454.449,394.459,2172.539,907.451,3040.507,2917.609,2739.14,3336.406,1172.293,1148.91,1473.053,15611.762,15576.551,15668.465,2906.383,2904.823,2907.825,121.745,121.511,121.997,15331.282,14376.98,16228.291,5319.743,3672.332,6705.694,4763.116,4514.809,5055.996,1905.599,1688.35,2207.694,1624.674,1577.562,1685.579,911.992,823.594,955.357,2152.094,2043.233,2236.003,532.169,529.399,536.629,199.172,152.964,248.961,2065.25,2533.969,5053.267,2918.298,14169.36,26740.144,0.17210416666666667,0.21116408333333336,0.4211055833333333,0.24319149999999995,1.18078,2.2283453333333334
05/16/2023,02:50,158.816,158.104,160.51,33.252,32.304,34.2,122.351,121.97,122.834,614.681,438.565,671.689,380.041,282.585,538.126,174.44,173.855,175.593,1272.3,1104.216,1450.577,555.817,548.922,569.229,1108.207,1046.389,1167.967,438.116,450.573,435.727,895.409,863.136,1059.177,3779.312,3205.486,4791.921,1168.362,1099.79,1647.676,15641.503,15620.352,15668.848,2907.156,2905.543,2909.044,121.526,121.193,121.952,15568.941,14188.658,16673.785,3996.253,3543.586,4756.05,4763.656,4511.905,5739.353,1776.912,1637.285,2126.193,1642.802,1565.487,1754.083,845.846,799.962,933.158,2016.169,1945.948,2066.709,532.576,526.645,537.002,152.601,151.713,153.467,1935.728,2583.31,5011.357,2744.465,12384.833,24659.693,0.16131066666666666,0.2152758333333333,0.41761308333333336,0.2287054166666667,1.0320694166666666,2.0549744166666666
05/16/2023,02:55,237.872,158.422,780.801,32.141,30.829,33.926,122.215,121.979,122.525,439.423,438.244,440.567,492.875,488.186,497.815,174.793,174.029,177.313,1107.795,1097.544,1114.681,774.952,549.877,1103.127,1121.565,1043.314,1177.511,416.639,446.244,404.863,656.699,415.765,1064.262,3149.351,3100.243,3208.681,1233.499,1158.926,1321.667,15671.208,15613.434,15714.154,2816.335,2802.982,2907.835,427.949,120.38,7706.951,15576.25,14315.187,16636.863,4079.258,3551.236,6308.898,4995.945,4514.072,5764.909,1778.837,1682.548,1971.405,1656.001,1570.189,1745.526,859.746,797.109,1185.421,2003.998,1941.367,2102.23,532.243,527.959,535.808,153.558,151.329,155.86,2016.709,2687.73,4672.781000000001,3042.9900000000002,11815.393,24235.603000000003,0.16805908333333336,0.2239775,0.3893984166666668,0.2535825,0.9846160833333332,2.0196335833333334
05/16/2023,03:00,262.423,260.144,267.609,31.184,30.555,32.132,622.758,122.261,922.263,439.312,438.244,441.391,389.797,284.028,489.14,174.887,174.075,180.72,1269.759,1098.866,1438.82,840.377,751.865,1082.639,1173.922,1113.639,1215.593,382.566,422.586,336.546,673.175,414.904,903.054,3200.042,3095.65,4022.774,1312.059,1224.292,1710.745,15760.338,15591.541,16124.527,2803.089,2792.264,2804.928,121.166,120.439,121.579,14689.65,13407.824,15666.761,4639.063,3644.957,6415.593,4515.178,4507.277,4523.288,1716.728,1654.077,1822.622,1675.26,1602.961,1810.971,805.29,737.86,871.876,2029.286,1904.892,2529.417,531.425,527.147,536.993,141.84,108.881,155.43,1979.151,3070.3810000000003,4912.279,3132.613,12109.8,25204.224000000002,0.16492925000000003,0.2558650833333334,0.4093565833333334,0.2610510833333333,1.00915,2.1003520000000004
05/16/2023,03:05,248.581,155.675,261.845,31.101,30.391,31.776,274.849,120.187,913.283,511.54,438.555,689.8,288.165,284.826,312.296,174.76,171.431,177.238,1109.734,1088.471,1127.322,753.523,730.959,774.255,1171.97,1087.196,1242.373,352.561,391.614,333.687,812.286,416.216,1042.289,2884.838,2717.199,3277.309,1449.957,1300.221,1929.072,15858.229,15608.488,16130.42,2803.997,2801.791,2809.447,121.621,121.238,122.878,14632.399,13329.343,15825.424,4072.185,3642.438,4926.25,4513.497,4505.696,4544.02,1630.873,1519.056,1750.491,1682.441,1532.485,1998.289,989.805,809.586,1204.282,2104.934,1905.83,2359.332,531.327,525.815,537.788,108.638,107.302,110.531,1879.454,2598.016,4898.178,3368.045,11334.892,24078.585,0.15662116666666667,0.21650133333333332,0.4081815,0.28067041666666664,0.9445743333333334,2.00654875
05/16/2023,03:10,155.186,154.588,155.706,40.446,30.188,149.285,119.698,119.286,120.223,638.779,633.089,651.914,312.295,289.209,318.71,230.524,170.324,425.986,1081.499,897.197,1240.703,875.069,732.724,1069.183,1185.372,1060.05,1316.883,359.645,380.499,323.819,610.042,407.053,933.944,2842.003,2713.948,3055.874,1561.068,1427.387,1994.463,15602.387,15559.902,15662.2,2799.376,2796.5,2807.338,119.781,119.126,122.474,15551.76,13478.351,16629.369,4802.282,3590.594,6423.484,5112.775,4474.853,5825.145,1700.302,1523.369,2074.371,1637.265,1529.445,2055.152,924.385,785.658,1037.264,2298.526,2160.243,2429.285,529.294,526.724,531.929,107.269,106.755,107.712,1855.4879999999998,2428.9030000000002,5204.1759999999995,3591.0460000000003,11810.047,24889.66,0.15462399999999996,0.20240858333333336,0.43368133333333325,0.2992538333333334,0.9841705833333333,2.0741383333333334
05/16/2023,03:15,155.384,154.538,156.307,134.685,129.399,146.7,119.785,119.14,120.642,455.968,427.909,635.369,516.426,317.14,557.67,399.661,395.293,411.745,904.839,894.693,918.027,762.757,743.187,1052.988,1007.699,981.858,1148.969,388.688,400.993,358.483,753.656,411.51,1047.357,3425.046,2853.302,4532.807,1636.16,1525.646,1961.6,15600.325,15566.942,15647.086,2798.306,2796.264,2799.883,119.459,119.072,120.139,15668.236,14256.551,16582.328,4052.947,3577.842,4835.076,4465.799,4454.547,4479.123,1739.395,1525.302,2030.701,1762.63,1644.742,1898.984,763.17,720.501,808.054,2160.544,2071.989,2262.998,529.659,524.69,533.59,107.634,107.019,108.223,1894.779,2787.529,4529.049999999999,3561.748,11786.707,24559.813000000002,0.15789825000000002,0.23229408333333335,0.3774208333333333,0.29681233333333334,0.9822255833333333,2.0466510833333333
05/16/2023,03:20,156.771,156.143,158.149,128.652,126.787,130.846,273.145,120.369,909.253,433.599,431.975,435.341,498.444,488.023,527.525,393.332,390.452,396.141,910.101,902.621,916.007,748.973,741.63,760.491,1038.81,979.039,1275.617,401.55,418.536,396.819,708.008,410.729,1038.471,2959.98,2797.108,3102.59,1552.091,1478.279,2009.048,15621.691,15607.749,15653.256,2799.425,2797.937,2800.837,120.223,119.903,120.53,15864.967,14760.152,16786.566,3944.688,3552.691,4932.572,4833.203,4475.55,5742.449,1719.268,1536.441,2077.246,1731.523,1644.461,1820.185,774.849,712.346,1071.56,1962.185,1926.351,2056.841,529.594,526.607,533.946,107.981,107.366,108.515,1876.039,2904.662,4344.695,3469.245,11169.899000000001,23764.54,0.15633658333333333,0.24205516666666665,0.36205791666666665,0.28910375,0.9308249166666668,1.9803783333333336
05/16/2023,03:25,156.475,155.989,157.08,31.797,30.474,33.872,371.806,120.351,908.898,433.155,431.838,434.115,355.441,285.651,509.757,389.281,386.734,392.203,907.436,899.983,928.307,945.99,657.336,1182.437,1032.25,965.868,1108.142,400.53,413.771,397.145,685.341,411.973,867.661,2667.015,2594.215,2806.028,1506.039,1406.531,1930.323,15620.967,15565.025,16158.865,2799.942,2798.891,2801.774,908.276,119.708,19825.242,15180.588,14072.259,16365.02,4889.152,3730.585,6340.264,4710.802,4481.316,5676.195,1839.355,1573.764,2150.271,1734.144,1604.277,1832.063,862.944,776.13,1271.544,1938.842,1828.197,2530.401,530.727,524.473,534.593,108.092,107.612,109.81,1995.83,2861.9210000000003,4311.683,3704.254,12588.545,25462.233,0.16631916666666666,0.23849341666666668,0.35930691666666664,0.30868783333333333,1.0490454166666665,2.12185275
05/16/2023,03:30,156.415,156.048,156.939,32.925,31.874,33.8,543.869,120.442,905.086,664.648,638.833,999.276,376.398,370.22,383.28,207.574,180.757,386.233,912.401,901.312,937.996,661.125,652.932,670.146,1216.908,1085.817,1304.715,379.225,401.011,364.157,1795.858,362.117,2626.154,2739.69,2600.981,3177.602,1369.858,1275.334,1759.207,16053.284,15646.371,16175.078,2800.232,2798.3,2801.5,119.545,119.194,119.839,15949.362,15013.736,16683.42,4252.698,3601.133,4960.821,4617.563,4481.121,5561.189,1765.84,1594.795,2097.741,1655.112,1529.374,1755.978,913.449,849.843,994.308,1895.697,1861.747,1940.494,530.554,523.99,533.927,107.994,105.844,110.129,1922.2549999999999,2954.6040000000003,4689.6539999999995,3152.006,12346.571000000002,25065.09,0.16018791666666668,0.24621700000000002,0.39080449999999994,0.2626671666666667,1.0288809166666668,2.0887575000000003
05/16/2023,03:35,156.735,156.143,157.048,32.557,30.618,34.091,557.782,120.696,906.705,539.311,447.129,661.173,470.133,368.534,749.38,179.844,178.679,181.233,909.573,903.19,926.098,655.747,650.194,668.836,1371.005,1269.269,1807.193,359.68,381.255,330.216,2229.039,1682.047,2600.524,3200.442,3116.564,3325.048,1271.899,1210.188,1518.13,15619.984,15586.168,15647.857,2800.353,2799.236,2802.247,120.381,120.098,120.693,15357.485,13966.23,16453.074,4375.621,3581.621,6443.342,5033.179,4485.254,6006.926,1687.779,1482.318,1998.328,1641.548,1548.228,1724.992,1002.68,894.686,1116.853,2011.525,1913.933,2123.773,530.573,525.494,534.055,144.736,106.81,233.093,1844.5140000000001,3029.143,4831.414000000001,3110.1699999999996,13401.145,26216.386,0.1537095,0.25242858333333335,0.4026178333333334,0.2591808333333333,1.1167620833333336,2.1846988333333335
05/16/2023,03:40,232.28,156.462,278.55,31.135,30.199,32.132,591.791,120.842,907.133,448.634,446.196,456.007,571.938,567.093,579.009,424.008,177.214,1049.677,910.352,902.124,937.147,655.494,648.502,679.763,1436.511,1259.471,1858.136,346.141,372.384,337.987,820.541,425.219,1649.206,3696.842,3206.671,4677.667,1279.71,1260.119,1447.744,15607.694,15558.938,15641.262,2799.579,2797.645,2801.219,120.451,120.121,120.689,15074.385,13984.875,15946.883,4631.601,3635.506,6776.758,5064.262,5006.488,5227.987,1689.186,1537.228,1980.636,1461.325,1437.464,1585.653,1043.484,956.223,1259.308,2026.36,1927.983,2132.207,530.49,524.929,534.265,208.222,204.15,214.454,1921.466,2971.195,4821.857,3402.696,12807.725999999999,25924.94,0.16012216666666665,0.24759958333333332,0.40182141666666665,0.283558,1.0673104999999998,2.1604116666666666
05/16/2023,03:45,259.296,257.206,261.673,31.149,30.09,31.967,121.005,120.56,121.424,449.243,446.042,456.585,459.517,360.918,568.326,176.638,175.835,177.691,1036.242,906.572,1248.988,922.663,648.11,4594.996,1514.052,1434.223,1628.165,328.035,460.621,301.981,702.096,411.526,1060.177,3304.077,3265.407,3414.606,1265.163,1186.222,1501.223,15626.242,15602.312,15647.969,2798.8,2797.344,2800.127,120.411,120.089,120.752,15253.373,14029.236,17023.166,4307.774,3698.544,5089.767,4759.211,4482.695,5038.764,1729.179,1663.521,2149.364,1562.654,1435.617,1884.407,996.586,918.038,1092.918,1988.945,1901.408,2262.273,530.425,525.731,535.404,203.759,201.737,208.264,1988.4750000000001,2471.2110000000002,4988.482,3361.05,11967.341999999999,24776.559999999998,0.16570625,0.20593424999999999,0.41570683333333336,0.2800875,0.9972784999999998,2.064713333333333
05/16/2023,03:50,226.433,156.63,257.915,50.483,30.288,192.889,120.949,120.623,121.333,576.914,445.713,689.675,361.48,360.274,366.463,175.865,175.404,176.207,913.295,901.485,941.416,1427.277,752.203,4571.085,1440.388,1362.533,1495.794,320.091,336.899,298.386,618.855,410.701,1041.049,3243.258,2914.339,3392.387,1304.282,1243.188,1771.606,15608.169,15581.091,15644.188,2799.072,2797.535,2800.7,120.262,119.985,120.584,16395.219,15444.111,17058.783,4936.423,3634.482,6679.11,5189.74,4484.074,6032.02,1696.561,1565.605,2034.187,1512.511,1391.448,1763.372,825.147,776.125,982.562,1931.906,1842.239,2317.645,530.093,526.069,533.773,156.875,107.503,202.834,1922.994,2315.031,4862.503,3732.571,12404.838,25237.936999999998,0.1602495,0.19291925,0.4052085833333333,0.3110475833333333,1.0337365,2.103161416666667
05/16/2023,03:55,157.363,157.021,157.799,133.275,128.929,141.613,121.315,121.133,121.57,618.885,460.437,670.762,360.828,359.404,364.667,175.5,175.045,175.906,920.479,904.424,947.63,1079.557,959.805,1278.04,1349.114,1286.112,1430.492,324.992,341.537,319.275,859.723,592.661,890.573,2777.325,2709.01,2912.93,1433.999,1263.764,1991.825,15948.698,15596.277,16122.368,2800.124,2798.818,2801.318,120.576,120.344,120.807,15904.802,13984.493,17046.541,4046.488,3602.318,4917.143,4616.231,4496.011,5332.247,1755.49,1588.868,2222.245,1474.848,1385.872,1624.949,685.51,598.168,900.451,1915.537,1802.602,2105.949,530.706,526.343,534.339,107.962,107.12,108.716,1912.853,2281.983,4804.015,3374.566,11242.903999999999,23616.321,0.15940441666666666,0.19016525,0.4003345833333333,0.2812138333333333,0.9369086666666665,1.96802675
05/16/2023,04:00,156.661,155.752,158.349,128.284,126.82,129.995,120.802,120.314,121.479,459.32,457.63,462.238,566.249,360.257,598.928,174.614,173.545,175.667,1032.781,912.554,1326.415,992.354,950.252,1271.698,1286.167,1224.114,1765.119,322.292,339.375,289.88,645.331,410.92,1003.068,2704.99,2694.27,2719.464,1490.699,1438.432,1924.25,15662.137,15575.416,16112.439,2800.102,2798.79,2801.409,120.307,119.767,120.666,15132.209,14054.627,15970.848,4496.919,3597.35,6315.486,4856.462,4473.104,5315.271,1736.936,1586.039,2091.146,1506.615,1441.353,1736.072,670.614,584.572,804.129,1775.1,1744.171,1916.436,530.282,526.168,534.018,107.695,107.102,108.36,1893.597,2515.958,4553.368,3328.2810000000004,11405.625999999998,23696.83,0.15779975000000002,0.20966316666666668,0.3794473333333334,0.27735675000000004,0.9504688333333331,1.9747358333333334
05/16/2023,04:05,157.417,156.871,157.863,31.449,30.208,33.46,121.46,121.069,121.67,451.279,444.216,464.246,484.704,273.192,567.129,175.126,174.735,175.51,1206.491,1119.672,1451.785,960.033,947.485,986.589,1423.089,1312.203,1705.281,384.923,563.046,319.583,624.373,413.052,897.856,3268.825,2702.594,4594.649,1498.882,1381.279,1913.064,15635.922,15556.822,15718.523,2800.706,2797.672,2802.682,970.808,119.78,22233.414,15267.812,13876.01,16615.688,4389.816,3630.126,6297.606,4491.509,4472.14,4499.978,1708.597,1599.389,2055.078,1592.906,1513.483,1743.925,720.997,673.817,768.683,1923.584,1859.812,1970.113,530.907,525.386,536.5,108.189,107.75,108.926,1866.014,2583.993,5004.443,3355.038,12693.624,25503.112,0.15550116666666663,0.21533275000000002,0.4170369166666667,0.2795865,1.057802,2.1252593333333336
05/16/2023,04:10,157.666,157.222,158.072,33.123,32.522,33.89,311.584,121.251,915.94,500.992,444.088,687.045,273.401,272.284,279.236,374.457,174.68,468.776,1195.428,1112.771,1461.73,1104.041,949.659,1272.09,1329.027,1242.133,1675.646,558.397,583.289,366.462,881.73,854.421,1010.281,2727.132,2648.276,2779.255,1397.122,1283.016,1976.861,15680.253,15622.871,15731.238,2801.676,2800.045,2803.692,120.469,119.962,121.188,17105.715,15620.018,18244.004,4236.775,3577.764,4955.363,4577.03,4497.932,5256.805,1604.477,1545.446,1671.431,1478.652,1358.968,1844.881,790.649,762.334,831.248,1899.907,1803.417,1990.309,531.033,527.182,535.179,108.066,107.485,108.661,1762.143,2622.034,4925.354,3666.269,11406.881,24382.680999999997,0.14684524999999998,0.21850283333333334,0.41044616666666667,0.30552241666666663,0.9505734166666666,2.031890083333333
05/16/2023,04:15,157.954,157.217,158.791,33.005,30.465,34.137,121.62,121.197,122.106,653.467,648.38,665.601,274.152,272.636,279.706,385.178,381.446,390.851,1173.28,1110.859,1463.333,954.595,945.784,967.074,1280.11,1208.245,1355.305,534.524,583.126,366.172,1041.39,365.312,2215.05,2794.385,2722.675,2963.344,1587.756,1407.68,2088.86,15599.227,15574.58,15638.965,2802.148,2800.982,2803.346,120.939,120.671,121.139,17851.564,16571.461,19134.664,5058.777,3637.677,6663.607,4658.371,4498.269,5333.591,1634.921,1545.733,1730.302,1406.694,1313.858,1488.148,745.759,696.019,1085.191,1872.654,1767.301,1956.711,531.371,527.785,535.37,108.347,107.64,109.209,1792.875,2336.99,4979.511,3673.2880000000005,12457.357,25240.021,0.14940625,0.19474916666666664,0.41495925,0.3061073333333334,1.0381130833333334,2.1033350833333335
05/16/2023,04:20,158.176,157.399,158.864,31.273,30.435,32.242,121.93,121.479,122.179,474.375,441.076,649.816,376.43,272.983,506.344,380.309,377.457,382.928,1227.745,1104.001,1446.736,952.235,941.708,970.822,1269.527,1217.485,1339.4,567.506,583.325,562.306,2404.082,1968.603,2596.007,3122.468,2798.158,3559.739,1406.114,1297.83,1600.491,15759.915,15576.484,16109.317,2802.328,2801.318,2804.256,121.137,120.73,121.643,17861.941,16630.525,19020.67,3856.618,3514.65,4696.419,5073.549,4507.434,5772.02,1685.943,1588.2,1841.1,1354.611,1314.45,1437.349,784.308,748.865,833.168,1890.669,1812.812,2298.787,531.373,527.31,536.018,108.323,107.85,108.771,1844.119,2420.477,4862.316,3522.9660000000003,12946.329,25596.207000000002,0.15367658333333334,0.20170641666666664,0.40519299999999997,0.2935805,1.07886075,2.13301725
05/16/2023,04:25,264.61,157.69,630.549,31.076,30.447,31.867,121.796,121.479,122.143,441.515,439.593,443.407,481.088,476.389,494.374,271.999,174.139,379.267,1175.178,1105.445,1434.41,1232.839,943.755,1446.438,1272.862,1230.503,1756.237,508.424,567.009,341.025,818.116,431.06,1062.708,3337.0,3138.14,3555.015,1353.146,1283.409,1472.976,15789.451,15554.253,16102.793,2801.623,2800.363,2802.973,121.085,120.843,121.352,18749.088,17113.48,19892.484,5093.101,3626.358,6407.402,4510.985,4498.339,4521.14,1555.869,1534.091,1713.847,1379.033,1240.683,1515.571,775.936,756.764,847.894,1843.567,1772.926,2188.587,530.895,525.003,533.974,108.037,107.522,108.716,1820.4789999999998,2490.341,4733.122,3633.92,12809.857,25487.718999999997,0.1517065833333333,0.20752841666666666,0.39442683333333334,0.30282666666666663,1.0674880833333333,2.123976583333333
05/16/2023,04:30,259.644,258.389,261.759,83.179,30.47,460.547,121.368,121.133,121.642,439.499,438.058,440.911,349.735,272.492,483.013,174.04,173.516,174.652,1206.707,1093.607,1446.21,1345.192,1152.403,1471.076,1206.433,1165.005,1244.585,350.162,611.01,274.115,626.123,412.874,887.466,3608.854,3063.558,4619.992,1320.697,1250.117,1674.706,15597.312,15569.306,15633.73,2798.941,2752.593,2802.701,120.81,120.58,120.998,19048.201,17604.441,20554.793,4300.391,3612.194,5574.499,4498.312,4492.998,4504.008,1693.746,1607.715,1769.71,1388.692,1284.4,1558.204,738.492,708.758,809.612,1893.982,1791.897,1986.247,530.953,526.352,533.172,126.312,107.585,157.726,1953.39,2209.957,4746.621,3578.4210000000003,12112.383999999998,24600.773,0.1627825,0.18416308333333334,0.39555175,0.29820175000000004,1.0093653333333332,2.0500644166666664
05/16/2023,04:35,209.598,156.908,259.134,134.987,131.256,141.775,121.332,121.06,121.579,605.052,437.82,680.079,273.065,271.729,279.508,173.052,172.181,174.294,1177.609,1096.052,1437.53,1531.519,1122.188,1826.86,1219.005,1126.204,1657.053,300.172,333.773,270.494,789.923,418.157,1060.738,3101.694,3051.897,3251.26,1254.514,1178.734,1629.443,15846.951,15584.799,16006.415,3053.949,2799.946,3197.624,120.742,120.394,121.084,18819.637,17494.324,19850.191,4106.783,3561.211,5758.672,5057.638,4492.397,5952.994,1668.296,1610.311,1763.382,1560.453,1486.348,1737.212,886.265,761.906,1058.555,1945.268,1869.624,2317.46,530.317,525.249,533.271,155.84,154.429,157.085,1877.894,2255.022,4946.934,3845.35,11859.248,24784.448,0.15649116666666665,0.18791850000000002,0.4122445,0.3204458333333333,0.9882706666666666,2.065370666666667
05/16/2023,04:40,156.801,156.425,158.145,121.501,31.171,131.642,120.919,120.56,121.26,543.622,435.323,647.469,272.652,271.23,277.51,419.784,172.181,1080.613,1204.501,1095.258,1440.323,1561.615,1314.851,1822.902,1161.06,1068.102,1802.617,333.368,348.811,327.629,725.623,410.669,1048.193,3071.573,2766.405,3287.145,1318.934,1169.727,1734.493,15951.66,15927.553,15992.548,3192.339,3188.87,3195.516,120.535,120.112,120.789,18329.791,17433.777,19079.871,5001.044,3593.882,6625.994,4909.427,4490.188,5020.854,1671.283,1611.807,1754.059,1580.028,1486.167,1998.229,1000.504,918.247,1466.384,1799.638,1742.109,1912.784,530.183,525.167,534.63,194.896,153.469,585.133,1828.0839999999998,2306.967,4708.821,4300.8369999999995,12836.193,25980.902,0.1523403333333333,0.19224725,0.39240175,0.3584030833333333,1.06968275,2.1650751666666666
05/16/2023,04:45,157.895,156.353,162.421,30.999,30.117,31.94,120.87,120.505,121.151,436.553,434.794,439.669,545.863,273.009,1141.2,172.275,171.833,172.884,1188.112,1090.385,1448.495,1500.905,1466.545,1533.854,1160.107,1118.25,1220.671,493.482,581.753,328.083,702.556,411.679,877.487,2876.052,2815.618,3334.198,1399.783,1291.524,1896.164,15988.454,15928.808,16473.357,3190.126,3188.882,3191.572,120.453,120.257,120.671,18236.092,17143.312,18890.799,4002.254,3541.477,4802.451,5015.99,4487.271,5759.053,1766.786,1659.292,2210.814,1415.729,1286.96,1632.053,952.041,913.025,995.468,1706.113,1619.256,1779.599,530.552,524.984,533.044,255.318,249.814,263.617,1924.681,2575.9440000000004,4490.885,4025.004,11677.311,24693.824999999997,0.16039008333333335,0.21466200000000002,0.3742404166666667,0.335417,0.9731092499999999,2.05781875
05/16/2023,04:50,161.656,160.893,162.439,30.963,30.262,31.868,120.732,119.932,121.051,436.494,434.253,448.699,556.37,368.75,591.458,171.883,170.909,172.337,1049.766,902.348,1432.936,1270.266,1186.74,1493.903,1165.002,1030.083,1302.288,566.82,588.792,559.967,808.082,412.279,1060.364,2956.389,2913.174,3042.374,1372.64,1351.872,1471.513,16318.062,15937.732,16524.473,3187.999,3185.79,3190.336,119.656,119.185,121.611,18740.553,17213.23,19538.41,4928.714,3729.42,6326.479,5347.438,4633.57,5841.907,1834.023,1778.368,1930.026,1380.046,1339.272,1443.618,872.337,791.564,1277.474,1616.322,1600.38,1652.407,530.369,526.049,534.374,248.297,245.282,250.644,1995.6789999999999,2623.968,4267.584,3687.126,12779.506000000001,25353.863,0.1663065833333333,0.21866400000000003,0.35563199999999995,0.30726050000000005,1.0649588333333333,2.112821916666667
05/16/2023,04:55,160.214,159.246,161.065,31.03,30.117,31.912,120.187,119.686,120.514,569.521,446.301,1351.67,371.318,366.063,402.409,171.215,170.736,171.824,909.924,897.81,931.883,1284.277,883.516,1558.637,1182.118,1096.46,1263.702,521.955,577.645,358.93,1956.488,418.607,2991.235,2915.839,2758.504,4011.939,1518.571,1349.921,1869.67,15954.852,15925.369,15990.106,3182.653,3084.775,3188.309,119.97,119.594,120.285,18866.707,17727.719,19633.066,4136.971,3585.208,4948.57,4932.589,4487.108,5222.99,1856.455,1755.977,2290.673,1372.765,1330.11,1464.914,807.035,743.459,1100.506,1691.289,1551.231,1734.782,529.297,524.855,533.124,215.577,149.933,246.122,2016.6689999999999,2386.2250000000004,4352.852,3781.098,13056.794999999998,25593.638999999996,0.16805574999999998,0.19885208333333335,0.3627376666666667,0.3150914999999999,1.0880662499999998,2.1328032499999994
05/16/2023,05:00,159.772,158.936,161.438,31.038,30.362,31.657,119.968,119.395,121.269,649.499,522.385,662.331,365.305,362.887,369.55,171.053,170.104,173.782,910.172,898.413,936.375,1229.714,1163.385,1280.788,1178.477,1110.985,1264.126,520.492,534.707,513.254,2064.34,438.366,2970.523,3154.192,2595.186,4235.216,1533.108,1465.763,1896.858,15732.236,15551.581,15977.991,2904.276,2753.796,3086.139,119.719,119.449,119.944,18270.971,17325.432,18887.91,4533.719,3620.286,6579.82,4545.347,4466.661,5292.062,1970.525,1871.507,2059.531,1451.074,1341.362,1585.393,787.721,740.661,857.969,1797.646,1545.892,1905.133,531.449,526.577,536.912,150.614,148.993,152.35,2130.297,2456.839,4535.794,3721.596,13458.309,26302.835,0.17752475,0.20473658333333333,0.3779828333333334,0.310133,1.12152575,2.1919029166666664
05/16/2023,05:05,163.22,162.007,164.136,31.212,30.382,32.296,276.513,122.498,926.494,456.984,453.564,465.741,480.315,366.02,1497.132,297.617,174.906,418.753,925.049,914.145,944.984,1202.609,1055.744,1275.883,1166.529,1080.009,1485.555,538.612,592.214,520.477,748.494,425.18,1058.74,2634.915,2622.715,2643.923,1550.328,1462.787,2001.895,15608.527,15542.639,15655.587,2803.241,2797.246,2806.028,121.593,119.285,122.419,18098.871,16900.662,19191.426,4535.673,3632.206,6675.166,4519.858,4458.507,4536.766,1946.893,1844.027,2012.181,1540.628,1437.096,1857.263,685.625,639.379,828.024,1889.733,1758.558,1986.465,531.892,527.995,536.319,123.385,108.361,151.74,2110.113,2836.068,4438.295,3736.179,11499.193,24619.847999999998,0.17584274999999996,0.236339,0.3698579166666667,0.31134825,0.9582660833333333,2.051654
05/16/2023,05:10,267.622,162.066,306.053,63.559,30.181,148.598,281.954,122.097,922.618,454.92,453.344,457.154,575.223,570.068,586.739,385.689,382.032,389.967,922.513,912.89,937.292,1185.202,976.026,1268.586,1155.256,1094.629,1214.604,549.593,575.234,530.845,617.412,415.123,1043.9,3029.734,2625.868,3184.02,1476.139,1411.219,1557.803,15624.987,15591.449,15646.628,2802.772,2801.827,2803.836,121.68,121.438,121.883,18573.117,17670.551,19640.613,4368.906,3755.832,6096.81,4797.257,4518.286,5779.472,1847.099,1792.02,1899.761,1731.645,1602.471,1889.038,697.248,653.425,780.264,1818.939,1714.943,1939.791,532.721,526.381,536.711,108.725,107.996,114.021,2114.721,3138.415,4351.628000000001,3744.278,11581.95,24930.992000000002,0.17622675,0.26153458333333335,0.36263566666666674,0.3120231666666667,0.9651625,2.077582666666667
05/16/2023,05:15,263.062,261.541,265.453,134.146,131.339,138.692,122.146,121.87,122.352,454.252,452.788,459.56,471.569,363.45,572.193,381.237,376.661,385.255,1047.815,911.882,1250.964,1224.426,1144.951,1265.329,1140.972,1090.396,1175.067,445.3,544.393,295.813,875.861,859.174,894.097,3221.138,3139.017,3364.955,1581.609,1461.781,2058.311,16076.101,15794.38,16285.199,3007.038,2802.464,3213.924,121.509,121.27,121.811,18631.932,17294.65,19651.367,4946.714,3637.104,6635.152,4857.629,4521.656,5728.187,1704.314,1676.777,1792.095,1873.713,1658.942,2199.688,798.903,763.34,898.917,1907.97,1820.923,2056.361,532.855,528.278,537.522,108.461,108.096,109.117,1967.3760000000002,2912.728,4551.009,3986.175,12813.576,26230.864,0.163948,0.24272733333333332,0.37925074999999997,0.33218125,1.067798,2.185905333333334
05/16/2023,05:20,192.239,160.333,262.037,110.975,30.07,131.934,275.872,121.943,922.245,665.406,460.109,697.913,364.174,362.507,368.135,323.889,173.928,381.623,924.153,914.791,944.86,1368.488,1137.982,1660.236,1115.224,1041.503,1198.491,305.801,336.179,292.166,684.261,414.893,1062.955,3401.185,3224.81,3820.436,1547.938,1424.597,1886.304,15816.408,15799.293,15844.371,3210.34,3207.533,3212.379,121.682,121.361,121.911,18019.963,16855.266,18864.811,4053.676,3654.583,4881.724,4677.109,4519.406,5346.87,1715.977,1618.177,1847.456,1630.707,1528.516,1720.179,795.538,692.495,881.427,1978.024,1926.347,2009.698,533.008,526.992,536.447,108.527,107.969,109.172,1908.2160000000001,2576.554,4682.807,4035.853,12112.679,25316.109,0.159018,0.21471283333333335,0.3902339166666667,0.3363210833333333,1.0093899166666667,2.10967575
05/16/2023,05:25,160.91,160.392,161.284,31.115,30.336,31.758,282.115,122.288,921.408,521.296,438.957,672.732,362.867,361.591,366.465,174.302,173.974,175.034,924.956,914.67,939.929,1579.77,1289.494,1802.349,1109.955,1031.489,1201.841,381.237,659.332,317.213,602.15,414.836,897.865,3938.678,3449.708,4937.582,1436.132,1372.505,1932.305,15794.909,15759.957,15841.488,3159.286,3104.609,3209.99,121.79,121.302,122.52,18197.025,16941.734,19249.188,5307.54,3699.753,6845.187,4677.75,4516.142,5246.525,1803.727,1646.31,2045.899,1556.481,1388.823,1701.452,734.189,691.302,767.995,2058.327,1968.248,2204.687,531.726,527.922,535.517,108.53,107.987,109.063,1964.6370000000002,2582.7,4614.534,3924.3929999999996,13769.7,26855.964,0.16371975000000002,0.215225,0.38454449999999996,0.32703275,1.1474749999999998,2.2379970000000005
05/16/2023,05:30,159.937,158.768,160.915,31.115,30.326,31.768,320.235,121.415,917.787,438.615,435.942,440.862,404.326,274.227,512.007,173.988,173.123,174.762,930.287,909.176,966.903,1400.808,1230.019,1486.815,1267.684,1129.677,1568.469,557.126,575.427,486.737,872.637,840.441,1033.21,3261.677,2808.628,4594.284,1401.056,1359.331,1434.833,15816.715,15776.684,15846.465,3103.938,3102.209,3106.319,121.478,121.161,121.883,19821.955,18585.961,20484.076,4029.468,3631.879,5080.888,4856.28,4512.928,5224.166,1725.257,1562.261,2060.017,1379.057,1344.452,1470.64,654.844,586.558,695.828,2005.112,1859.541,2125.963,530.654,527.647,534.184,108.134,107.64,108.725,1885.194,2660.7439999999997,4641.698,3630.696,12027.986,24846.318,0.15709949999999998,0.2217286666666666,0.3868081666666667,0.302558,1.002332166666667,2.0705265
05/16/2023,05:35,158.841,158.231,159.742,31.139,30.425,32.114,576.061,120.969,912.573,436.432,434.799,438.539,480.45,476.833,495.264,173.154,172.51,174.02,914.824,906.096,929.756,1521.811,1264.165,1620.995,1403.214,1276.527,1748.726,573.441,611.833,551.598,1492.205,369.994,3266.624,2703.173,2615.573,2872.83,1355.673,1307.795,1391.819,15717.703,15561.81,15837.214,2976.035,2800.49,3104.028,123.313,120.73,180.915,19426.424,18417.293,20625.455,5268.986,3638.323,6681.608,4971.977,4505.767,5232.873,1741.947,1487.911,2135.718,1503.449,1421.539,1634.282,618.415,586.93,671.847,1847.567,1764.603,1937.455,530.885,527.091,534.732,108.422,107.896,109.673,1900.788,3133.401,4602.037,3669.053,13203.019,26508.298000000003,0.158399,0.26111674999999995,0.38350308333333333,0.30575441666666664,1.1002515833333335,2.2090248333333338
05/16/2023,05:40,159.251,158.914,159.614,30.787,29.768,31.649,247.993,121.542,910.79,554.622,436.765,684.645,324.059,273.382,480.99,418.983,173.68,948.049,1022.564,903.63,1149.607,1774.193,1559.237,2037.045,1480.672,1421.896,1572.145,597.87,611.506,593.312,2688.641,1092.434,3581.427,2646.561,2615.753,2810.14,1400.07,1323.743,1866.563,16059.468,15689.33,16233.968,2801.064,2799.344,2802.745,121.145,120.521,130.493,18688.059,17510.324,19982.684,4205.095,3711.365,5110.44,6133.368,5036.311,7395.338,1377.599,1358.328,1433.554,1505.29,1430.955,1642.771,734.195,642.883,797.294,1797.025,1693.573,1866.406,532.288,526.818,535.324,108.454,107.686,109.491,1536.85,2675.212,4854.883,4327.441,13103.248000000001,26497.634,0.12807083333333333,0.22293433333333332,0.4045735833333334,0.3606200833333333,1.0919373333333335,2.2081361666666663
05/16/2023,05:45,159.537,158.855,159.928,30.748,29.942,31.381,122.068,121.697,122.443,611.574,437.029,649.624,274.597,273.301,275.525,174.561,173.242,179.246,1287.725,1122.51,1465.531,1667.548,1416.705,1721.357,1373.728,1350.2,1432.9,596.624,603.858,593.114,1483.389,1092.508,1715.029,2654.705,2616.44,2683.836,1458.217,1332.489,1904.025,15622.195,15570.084,15709.164,2800.793,2799.344,2801.999,121.53,121.261,121.902,18462.127,17586.324,19174.686,5030.181,3767.092,5800.851,4534.252,4519.295,4600.197,1462.157,1351.517,1841.458,1679.45,1616.944,1742.445,775.519,717.402,1189.009,1748.023,1692.194,1828.924,531.698,528.003,536.756,108.512,107.905,109.217,1621.694,2672.739,5021.05,4075.8450000000003,12730.808,26122.136000000002,0.13514116666666667,0.22272825000000002,0.41842083333333335,0.33965375000000003,1.060900666666667,2.1768446666666668
05/16/2023,05:50,159.106,158.422,160.124,61.91,30.254,151.851,880.569,121.843,917.059,438.617,437.113,440.56,274.046,273.4,274.744,174.37,173.378,179.044,1110.606,1036.582,1186.748,1701.557,1646.606,1985.531,1533.845,1431.71,1629.387,595.468,610.208,591.742,1329.55,1079.326,1579.078,2828.53,2618.875,2932.554,1322.706,1243.0,1643.867,15647.379,15613.699,15678.492,2800.896,2798.162,2802.755,121.338,121.016,121.634,17125.395,16135.77,18801.094,4644.099,3750.993,5428.409,4514.781,4503.287,4522.75,1791.749,1775.101,1812.177,1679.266,1516.09,1810.729,855.039,789.626,895.56,1729.487,1670.004,1778.138,531.286,526.926,534.841,210.788,108.242,230.526,1950.855,3429.349,4812.555,4053.6719999999996,12466.487000000001,26712.918,0.16257125,0.2857790833333334,0.40104625000000005,0.33780599999999994,1.0388739166666667,2.2260765
05/16/2023,05:55,267.619,262.037,280.888,133.717,130.857,137.992,752.214,121.533,911.418,438.718,437.296,440.632,448.643,273.627,875.959,174.297,173.442,177.415,1202.088,1035.391,1375.962,1543.199,1286.983,2029.23,1499.651,1422.431,1597.568,597.722,612.789,593.238,1443.091,1091.372,1714.924,3448.635,2917.195,4440.953,1392.092,1313.989,1706.203,15642.104,15608.25,15665.177,2800.364,2799.025,2802.155,121.376,121.148,121.665,17310.545,16452.857,17980.82,5298.197,3710.826,6882.926,4516.487,4511.13,4525.028,1930.733,1788.057,2092.593,1553.817,1490.943,2064.128,847.505,774.531,996.473,1773.453,1640.549,2089.751,532.171,525.031,536.272,204.828,203.683,206.707,2198.352,3352.3959999999997,4913.91,3957.0930000000003,13848.662,28270.413,0.18319599999999997,0.2793663333333333,0.4094925,0.32975774999999996,1.1540551666666665,2.35586775
05/16/2023,06:00,260.247,258.384,262.769,113.894,30.437,132.306,575.832,121.642,912.519,438.703,436.663,441.339,481.137,477.688,485.828,214.526,172.903,416.059,1044.026,1027.292,1125.239,1449.083,1366.283,1476.107,1516.51,1414.814,1806.757,527.432,687.983,499.829,1381.319,1078.059,1690.835,3224.548,2925.427,3437.443,1296.6,1227.794,1366.902,15655.479,15636.15,15694.035,2913.875,2800.626,2954.948,121.304,121.025,121.638,16826.414,15576.886,17940.441,4168.524,3652.714,5244.28,4670.19,4507.438,5332.722,1961.119,1922.603,2018.331,1659.804,1560.532,1766.058,737.297,663.886,882.072,1725.308,1633.904,1762.287,530.76,527.182,534.667,190.034,108.105,203.591,2221.366,3244.205,4724.5470000000005,3697.506,12530.364,26417.987999999998,0.18511383333333334,0.27035041666666665,0.39371225,0.3081255,1.0441969999999998,2.201499
05/16/2023,06:05,181.806,158.418,259.216,31.308,30.399,32.104,906.089,903.512,910.235,652.657,643.19,679.695,312.761,272.802,477.669,390.63,384.339,409.556,1197.387,1028.736,1380.774,1453.081,1287.975,1504.302,1313.63,1251.324,1425.548,458.122,544.405,338.188,1358.217,1077.085,1538.533,3273.148,3207.799,3349.254,1289.616,1225.518,1664.618,16129.778,15804.688,16353.801,3118.17,3059.714,3366.651,120.995,120.743,121.261,16453.357,15571.62,17131.426,5527.281,3816.133,7160.217,4507.104,4501.021,4513.992,1939.296,1866.921,1977.452,1651.658,1525.495,1915.615,717.035,665.661,737.006,1711.725,1633.853,2085.532,531.59,529.196,535.487,108.38,107.704,109.3,2121.102,3328.63,4875.398999999999,3850.3619999999996,14037.780999999999,28213.273999999998,0.17675849999999996,0.2773858333333334,0.4062832499999999,0.32086349999999997,1.1698150833333334,2.3511061666666664
05/16/2023,06:10,158.878,158.441,159.446,31.217,29.979,32.297,908.555,906.523,911.873,505.094,438.346,645.507,326.967,273.173,458.237,381.884,378.493,386.466,1039.63,1031.767,1051.822,1446.572,1282.234,1494.958,1245.394,1210.471,1277.922,411.184,571.52,338.905,1411.194,1076.002,1704.925,3281.684,3224.639,3313.152,1318.885,1181.882,1829.909,15412.869,15214.61,15875.832,3210.604,3147.948,3366.425,121.3,121.107,121.656,16512.895,15535.927,17651.471,4474.135,3822.456,5634.89,5050.963,4511.127,5769.673,1878.927,1483.923,1975.693,1519.618,1462.676,1633.722,695.417,627.313,785.983,1760.13,1716.632,2191.151,531.206,524.28,535.652,107.856,106.7,108.753,2037.8049999999998,3166.3239999999996,4550.2480000000005,3842.758,13137.979000000001,26735.114,0.16981708333333334,0.2638603333333333,0.3791873333333334,0.3202298333333334,1.0948315833333333,2.2279261666666668
05/16/2023,06:15,157.068,155.934,159.591,30.871,30.436,31.612,898.017,892.457,910.727,447.502,444.326,460.558,385.591,381.718,395.758,375.93,372.065,382.717,1200.357,1018.741,1376.017,1459.603,1426.677,1501.446,1198.02,1147.077,1224.211,597.33,608.692,566.69,1280.732,1068.854,1681.988,3811.565,3152.309,4757.904,1488.459,1396.65,1718.976,15218.358,15182.789,15274.261,3147.388,3144.249,3151.331,120.496,119.735,121.593,17174.699,16097.156,18028.082,8402.825,4694.446,12782.802,4501.766,4477.703,4529.944,1470.069,1424.382,1494.781,1490.074,1436.337,1583.517,809.415,706.198,856.41,1777.263,1692.091,2006.126,530.774,525.602,536.243,107.471,106.837,108.214,1627.137,3371.012,4623.142,4133.407,17401.251000000004,31155.949000000004,0.13559475000000001,0.2809176666666667,0.3852618333333333,0.34445058333333334,1.4501042500000003,2.5963290833333335
05/16/2023,06:20,157.816,156.571,158.954,30.933,29.761,31.702,902.348,896.224,907.76,450.613,447.179,460.268,532.557,379.414,625.164,204.576,171.403,377.075,1034.919,1024.664,1103.373,1416.235,1319.801,1474.97,1138.856,1085.81,1212.29,578.489,613.632,565.842,1465.726,1083.53,1863.899,2857.521,2638.001,3144.76,1602.381,1551.44,1888.924,15227.672,15182.488,15272.042,3147.092,3145.45,3149.159,120.453,119.962,121.057,17289.691,16328.546,18087.004,10898.959,9776.832,11605.47,4630.268,4484.557,5303.411,1465.238,1428.551,1512.985,1650.853,1562.18,1805.576,717.771,702.361,978.535,1853.432,1737.005,2310.334,531.871,527.527,535.469,109.421,107.621,123.61,1623.054,3664.2470000000003,4477.82,3940.9629999999997,19131.042999999998,32837.12699999999,0.1352545,0.30535391666666667,0.37315166666666666,0.3284135833333333,1.5942535833333333,2.7364272499999993
05/16/2023,06:25,158.134,157.69,158.445,31.409,30.637,32.141,593.005,121.679,909.899,587.043,450.256,707.491,584.078,579.926,587.448,174.55,172.985,178.202,1153.817,849.642,1394.677,1393.248,984.078,1479.764,1129.692,1089.304,1161.138,567.383,575.85,562.948,2906.525,2038.005,3500.729,2962.119,2748.592,3523.947,1677.25,1489.692,2080.573,15418.778,15198.809,15875.971,3216.448,3145.486,3438.725,121.161,120.884,121.497,17032.021,16413.531,17521.887,9598.852,6271.397,13404.487,4604.325,4502.987,5333.125,1450.381,1386.037,1557.07,1570.223,1501.607,1734.938,867.497,777.98,930.138,1943.673,1871.95,2133.313,531.607,526.471,537.749,170.68,116.136,607.617,1608.515,3314.6890000000003,4814.225,4112.545,19507.392000000003,33357.366,0.13404291666666668,0.2762240833333333,0.4011854166666666,0.3427120833333333,1.6256160000000004,2.7797805
05/16/2023,06:30,157.856,157.394,158.427,55.006,30.418,149.814,121.48,121.233,121.815,613.794,449.681,661.761,401.849,372.962,580.716,174.192,172.958,176.804,847.14,838.615,864.336,1151.891,895.616,1485.114,1181.571,1078.915,1395.365,538.793,564.997,526.682,2437.386,1354.111,3622.267,2930.865,2827.329,3070.343,1637.262,1590.556,1676.076,15631.524,15377.605,15883.208,3374.737,3289.603,3437.797,121.073,120.702,121.456,19846.834,16474.695,24660.121,6403.665,4514.703,10369.564,4890.958,4498.583,5315.792,1433.28,1387.87,1494.955,1471.101,1373.356,1609.616,897.125,801.703,1385.993,1841.29,1786.228,1921.031,531.834,528.066,534.621,154.874,153.451,156.647,1591.136,2533.223,4483.795,3860.4700000000003,15954.434000000003,28423.058000000005,0.1325946666666667,0.21110191666666667,0.37364958333333326,0.32170583333333336,1.329536166666667,2.3685881666666675
05/16/2023,06:35,162.389,157.017,281.252,134.446,131.006,141.312,121.449,120.969,122.016,450.615,449.024,453.201,371.904,369.739,382.6,173.457,172.564,176.564,846.479,835.222,861.345,1157.504,1078.49,1421.554,1242.279,1182.625,1342.404,534.596,580.704,523.457,1528.967,1500.04,1559.542,3233.559,2708.999,4258.17,1641.966,1548.427,2068.352,15430.8,15377.852,15489.002,3371.912,3300.172,3413.429,1435.181,119.916,32881.43,18025.887,16990.039,18873.688,10254.562,6585.57,13114.223,5572.562,4504.062,7215.189,1451.708,1412.661,1502.161,1476.317,1372.408,1644.506,722.23,644.091,870.529,1884.716,1788.299,1969.0,532.386,528.457,536.782,153.5,152.883,154.024,1614.0970000000002,2504.266,4424.089,3695.1569999999997,20510.067,32747.676,0.13450808333333333,0.20868883333333332,0.36867408333333335,0.30792975,1.70917225,2.728973
05/16/2023,06:40,266.05,260.199,278.914,114.828,32.639,131.961,122.096,121.733,122.47,453.372,448.441,456.314,369.655,367.688,374.377,418.913,173.672,934.356,850.676,841.193,871.142,1069.733,966.375,1143.733,1277.889,1231.468,1462.516,567.284,586.16,563.152,1319.528,1076.558,1667.057,2666.848,2621.375,2733.275,1606.388,1560.238,2013.938,15455.119,15409.448,15483.021,3398.356,3383.513,3414.438,1432.125,117.177,32847.957,21578.846,17311.209,26087.266,6312.009,4797.915,11638.219,5108.056,4519.08,6248.9,1494.176,1461.463,1880.676,1449.473,1407.51,1492.244,624.357,597.288,933.17,1750.952,1732.028,1801.847,533.266,529.836,538.643,152.857,152.016,153.714,1760.2259999999999,2508.508,4332.889,3719.3909999999996,15814.989,28136.002999999997,0.1466855,0.20904233333333333,0.3610740833333333,0.30994924999999995,1.3179157499999998,2.3446669166666667
05/16/2023,06:45,259.689,258.821,261.0,31.31,30.391,32.26,122.135,121.806,122.498,472.842,445.156,697.968,524.162,367.163,614.727,174.918,173.663,177.809,852.962,843.269,874.225,1109.984,965.437,1299.21,1211.99,1084.996,1356.822,536.131,565.539,505.165,1261.682,1077.62,1556.891,3234.448,2625.76,4204.263,1615.553,1538.642,1984.589,15380.44,15014.26,15485.886,3338.33,3098.131,3387.606,121.253,120.861,121.938,17502.277,16407.676,18702.219,10590.046,6487.929,12760.486,4520.599,4512.322,4529.362,1497.12,1419.844,2095.869,1451.735,1403.895,1779.583,742.379,647.204,849.126,1711.75,1686.046,1757.298,531.306,525.459,536.501,152.131,151.194,152.864,1756.809,2634.1629999999996,4249.544,3642.834,19229.196,31512.546,0.14640075,0.21951358333333332,0.35412866666666665,0.30356949999999994,1.602433,2.6260454999999996
05/16/2023,06:50,181.935,158.145,259.262,31.165,30.252,31.995,122.211,121.824,122.552,666.984,650.659,692.212,535.3,480.437,578.672,174.673,173.306,177.333,851.937,843.297,868.448,980.604,961.596,1280.796,1235.597,1119.127,1526.803,506.992,525.831,501.5,1535.504,1460.929,1708.686,3406.174,3286.737,4397.637,1548.208,1486.805,1761.64,15196.064,14973.306,15701.922,3111.004,3086.751,3202.801,121.783,121.538,121.983,19119.4,16353.301,25427.488,5830.689,4742.241,7562.658,4517.744,4510.321,4524.292,1699.085,1566.502,2093.995,1347.689,1306.104,1390.058,857.632,800.188,942.348,1850.01,1733.409,1938.202,533.635,529.726,536.82,151.183,150.47,152.224,1881.02,2512.192,4604.528,3561.117,14689.972000000002,27248.829,0.15675166666666668,0.2093493333333333,0.38371066666666664,0.29675975,1.2241643333333336,2.2707357500000005
05/16/2023,06:55,158.72,158.036,159.146,31.331,30.437,31.903,122.32,121.779,122.743,501.895,437.734,666.655,302.195,276.705,482.597,174.965,173.911,178.98,978.823,840.061,1182.772,967.858,964.515,971.812,1261.33,1231.506,1304.427,456.112,512.706,322.985,1335.749,1075.673,2002.012,4153.705,3318.573,5163.97,1554.079,1486.962,2046.668,15535.9,15196.373,15726.564,3110.18,3087.609,3195.106,2458.871,121.084,32524.699,17543.621,16424.039,24789.758,10332.912,4657.076,11887.088,4558.962,4507.524,5185.241,1672.229,1567.163,1806.532,2523.648,1428.587,3400.145,845.071,732.824,933.319,1950.604,1903.979,1981.563,532.517,529.006,536.382,232.947,151.612,272.48,1830.949,3404.275,4692.652,3541.973,22156.881,35626.73,0.15257908333333337,0.2836895833333334,0.3910543333333334,0.29516441666666665,1.8464067499999999,2.968894166666667
05/16/2023,07:00,157.847,155.961,161.434,31.219,30.216,31.949,287.854,120.442,911.736,447.266,432.827,461.088,276.303,274.208,281.759,351.618,174.011,428.047,847.454,838.55,858.904,1009.71,760.401,1284.09,1270.439,1225.817,1542.404,506.478,561.212,323.521,1359.444,1065.58,1621.23,4130.476,3496.816,5188.938,1650.312,1611.072,1965.685,15484.337,15413.445,15516.063,3074.716,2987.538,3093.836,120.785,120.298,121.488,18389.709,16373.702,25391.715,5815.443,4854.991,7319.717,4626.291,4498.51,5352.136,1598.713,1543.01,1894.44,1694.796,1395.693,2992.131,761.265,727.825,918.165,2056.53,1958.619,2153.172,529.551,525.559,533.216,205.176,202.605,207.12,1756.56,2765.431,4621.689,3772.9049999999997,15235.591,28152.176,0.14637999999999998,0.23045258333333335,0.38514075,0.31440874999999996,1.2696325833333333,2.346014666666667
05/16/2023,07:05,157.49,156.839,158.404,36.457,30.602,77.359,424.418,120.332,912.974,435.063,432.581,436.865,275.386,273.908,280.742,381.941,379.154,384.977,851.616,838.253,881.299,766.008,761.829,770.407,1384.929,1333.966,1462.871,505.995,544.181,467.202,1452.885,1070.483,1643.083,4250.236,3368.623,5343.435,1596.774,1498.594,2005.575,15413.395,15367.951,15468.082,2989.609,2987.511,2991.195,120.85,120.412,121.266,18452.021,16739.965,25427.512,10419.22,5413.96,11886.341,5068.058,4491.257,5803.837,1717.418,1669.329,1889.587,1363.438,1283.676,1782.345,828.957,784.018,858.54,2031.712,1817.371,2197.656,559.909,524.191,693.29,190.886,110.758,207.02,1874.908,2569.237,4703.32,3573.68,19983.594999999998,32704.739999999998,0.15624233333333332,0.21410308333333336,0.3919433333333333,0.2978066666666666,1.6652995833333333,2.7253949999999993
05/16/2023,07:10,157.783,156.675,158.686,103.296,76.693,268.268,908.612,903.093,913.301,572.305,433.584,697.385,426.896,274.88,523.078,378.382,376.147,380.366,851.46,841.519,866.271,767.875,763.447,771.907,1579.118,1429.324,2413.221,507.057,520.891,477.694,1269.288,1072.707,1544.115,3834.682,2943.826,4901.915,1674.691,1557.69,2065.15,15947.992,15417.805,16088.809,3059.672,2988.285,3205.133,121.318,120.671,121.734,17825.654,16607.973,18703.156,4858.787,4375.842,5662.527,4537.754,4514.349,4715.606,2024.002,1741.821,2096.525,1503.013,1368.807,1895.152,908.762,742.331,1065.554,1769.8,1742.643,1836.17,647.319,643.706,650.763,108.301,107.649,110.639,2181.785,3345.578,4772.683,3729.71,13899.366999999998,27929.122999999996,0.18181541666666667,0.2787981666666666,0.39772358333333335,0.3108091666666667,1.1582805833333332,2.327426916666666
05/16/2023,07:15,158.327,157.485,160.347,180.976,178.071,186.798,909.791,906.487,911.564,601.497,437.532,646.512,481.767,477.992,488.484,835.208,375.295,1939.391,852.686,846.891,867.23,680.046,672.547,768.196,1629.914,1522.4,2082.913,509.441,521.816,503.545,2601.009,1031.24,3406.468,3449.807,3094.101,4868.614,1703.838,1611.784,2053.921,16176.119,16022.959,16564.492,3124.892,3090.118,3204.034,121.414,121.007,121.611,18209.197,15788.013,25602.941,9061.341,4525.633,11741.136,4668.883,4515.905,5315.743,2063.958,2019.317,2265.854,1508.398,1439.395,1611.244,1014.337,915.578,1147.351,1693.643,1578.667,1802.469,647.534,643.733,652.896,108.301,107.795,108.734,2222.285,3409.397,4777.74,4233.429,19114.298,33757.149,0.18519041666666666,0.2841164166666667,0.3981449999999999,0.35278575,1.5928581666666664,2.81309575
05/16/2023,07:20,167.465,157.626,281.307,166.834,79.681,178.347,908.502,905.641,911.09,438.121,436.591,441.787,318.138,274.988,480.772,837.348,815.412,962.91,1006.512,850.295,1096.633,674.678,671.792,678.042,1545.573,1347.448,1894.277,513.093,528.129,508.17,3121.048,2728.577,3735.287,4038.609,2907.237,5476.659,1755.598,1593.118,2250.969,16603.113,16391.609,16913.111,3515.661,3099.474,3606.112,121.563,121.22,121.82,16850.195,14133.1,24211.178,5514.679,4312.508,10432.193,5489.347,4564.152,6152.098,2159.992,2065.922,2264.319,1567.4,1484.157,1678.184,1093.89,994.353,1287.886,1707.191,1578.165,1760.34,645.856,641.773,649.988,1192.378,108.151,2369.052,2327.4570000000003,3307.133,4697.397,4361.514,18149.794,32843.295,0.19395475,0.2755944166666667,0.39144975,0.3634595,1.5124828333333333,2.736941249999999
05/16/2023,07:25,265.514,261.523,276.18,77.956,77.066,79.715,912.287,908.57,915.476,439.569,438.363,441.418,276.177,274.743,280.061,1057.273,957.958,1962.215,1215.969,1056.882,1398.165,676.654,672.164,690.524,1554.828,1332.787,1901.848,512.187,520.127,507.079,1444.38,1088.514,2766.018,4578.023,2971.184,7039.437,1609.472,1558.525,1676.416,17061.963,16413.459,17588.594,3604.049,3601.112,3606.15,121.577,121.134,122.038,15489.403,13980.076,16907.354,7577.51,4409.387,11022.356,4804.172,4531.545,5068.462,1784.495,1456.292,2068.542,1665.352,1611.943,2070.63,1134.3,1074.544,1248.604,1855.204,1721.431,2364.167,646.273,641.335,649.833,177.585,107.339,1003.198,2050.009,3366.0029999999997,5065.57,4477.699,18149.397,33108.678,0.17083408333333333,0.28050025,0.42213083333333334,0.3731415833333333,1.51244975,2.7590565000000002
05/16/2023,07:30,258.608,255.805,261.787,77.511,76.538,78.596,712.673,122.725,917.286,459.481,439.503,734.538,274.3,272.056,279.853,1043.407,949.747,1937.215,1053.288,924.455,1106.008,673.676,667.301,688.349,1699.327,1335.94,1940.851,475.255,514.676,439.106,1474.332,1089.343,1729.051,4461.792,2990.916,6944.172,1549.085,1379.241,2002.859,16402.062,16341.571,16445.582,3722.202,3601.348,3809.88,121.464,120.303,122.356,15979.593,13027.893,21368.887,6382.628,4411.475,10927.351,5240.096,4534.331,6670.472,1604.005,1527.942,1649.094,1706.7,1611.103,2070.63,1161.049,1003.877,1323.462,1761.131,1645.782,1833.317,645.113,641.225,648.665,675.211,107.43,1004.994,1862.613,3168.928,4973.227,4427.217000000001,17482.742000000002,31914.727000000003,0.15521775,0.26407733333333333,0.4144355833333333,0.3689347500000001,1.4568951666666667,2.6595605833333336
05/16/2023,07:35,173.529,157.526,257.547,73.865,30.954,78.387,573.528,121.724,906.714,664.168,652.92,688.954,531.692,272.61,989.023,961.542,950.365,970.506,1132.756,921.022,1331.359,778.215,667.682,925.295,1586.98,1325.406,1904.548,417.077,452.74,263.303,1337.637,1069.433,1712.564,3924.522,2937.476,5318.443,1260.837,1222.54,1384.556,16380.716,16351.95,16403.512,3761.827,3696.574,3810.792,120.863,120.28,121.388,16315.674,14098.266,17809.135,6567.873,4078.077,11027.957,5357.204,4524.358,6531.07,1691.631,1648.925,1770.689,1725.417,1616.644,2516.412,1182.034,1136.955,1284.784,1737.29,1622.555,2180.081,589.23,527.573,651.41,108.055,107.567,108.625,1865.16,3247.714,5121.1939999999995,4182.628000000001,16410.006999999998,30826.702999999998,0.15543,0.27064283333333333,0.4267661666666666,0.34855233333333335,1.3675005833333331,2.5688919166666664
05/16/2023,07:40,158.013,157.535,158.759,31.227,30.48,31.904,121.828,121.533,122.243,499.424,448.371,654.131,579.535,573.735,585.823,1148.807,955.968,2496.37,958.288,923.619,1027.248,1005.407,876.301,1196.257,1675.085,1360.591,1956.134,240.265,258.545,208.878,1481.871,1085.19,1592.814,5300.785,3533.981,6051.924,1287.516,1180.021,1994.497,16331.825,15917.809,16990.756,3697.12,3693.427,3700.947,121.116,120.766,121.425,16451.471,14906.157,17996.801,7305.778,4000.89,10135.566,5071.22,5042.15,5256.93,1741.101,1680.903,1853.759,2152.182,1555.647,2582.9,1022.841,966.033,1148.582,1784.11,1705.876,2078.018,531.648,526.389,535.306,111.171,108.415,114.497,1899.114,3093.8099999999995,4916.907,4464.571,18549.488999999998,32923.890999999996,0.1582595,0.2578174999999999,0.40974225000000003,0.3720475833333333,1.5457907499999999,2.743657583333333
05/16/2023,07:45,158.197,157.735,159.077,31.21,30.334,31.848,121.959,121.706,122.416,448.813,446.878,455.299,427.793,365.891,575.624,1049.565,964.119,1431.793,1095.292,915.945,1266.425,876.439,872.217,890.631,1397.651,1297.931,1823.489,294.679,317.341,278.292,1363.344,1072.976,1780.322,4900.866,3430.697,6215.27,1394.614,1335.372,1865.883,16154.531,15660.776,16970.418,3715.788,3693.427,3775.895,121.148,120.843,121.529,16506.557,14365.377,17776.543,4719.144,4016.571,10200.284,4757.089,4501.648,5056.16,1767.944,1602.499,1876.024,1601.534,1508.442,1686.048,1011.192,930.945,1219.042,1645.8,1519.426,1829.886,531.439,527.2,535.068,109.818,109.263,110.54,1926.141,2445.965,4587.5560000000005,4331.8099999999995,15461.546999999999,28753.019,0.16051175,0.20383041666666668,0.3822963333333334,0.36098416666666655,1.2884622499999998,2.3960849166666667
05/16/2023,07:50,158.463,157.772,159.796,35.819,30.481,147.712,122.116,121.788,122.47,447.648,445.953,449.301,364.73,363.642,367.58,1066.843,961.253,1921.015,929.161,921.936,951.97,899.963,869.678,1187.385,1282.655,1219.75,1330.349,308.21,313.603,303.194,1292.077,1070.381,1729.536,4566.153,3547.152,6147.719,1735.896,1320.043,2938.743,15787.832,15743.987,15819.314,3774.195,3772.268,3775.651,2656.278,119.562,32269.68,15805.974,14155.453,17054.277,7541.398,4676.641,11706.342,4632.387,4497.299,5291.121,1636.055,1588.403,1727.578,1621.136,1539.59,2004.662,1116.107,931.224,1218.638,1626.27,1599.943,1760.12,531.422,527.983,534.557,139.673,107.886,900.797,1794.518,2416.192,4285.734,4818.809,20501.196,33816.449,0.14954316666666667,0.2013493333333333,0.35714450000000003,0.4015674166666667,1.708433,2.8180374166666664
05/16/2023,07:55,158.084,157.299,158.664,136.041,131.441,145.539,121.926,121.36,122.234,608.694,446.941,1164.005,363.277,361.255,367.907,1105.071,961.692,1634.348,1090.996,888.729,1255.979,977.222,868.832,1191.006,1293.156,1228.379,1346.838,316.996,349.457,303.412,1592.631,1568.667,1610.845,5793.124,5250.391,6438.038,1379.917,1311.885,1503.983,15757.772,15716.757,15824.211,3749.146,3594.472,3778.307,121.109,120.475,121.766,14589.384,12926.31,16329.719,4693.27,4287.18,5582.137,4508.017,4503.736,4516.896,1712.821,1640.125,1775.587,1833.388,1662.577,2075.806,1184.311,1144.063,1267.903,1643.901,1523.464,1778.062,531.764,526.197,534.566,446.285,375.879,938.853,1870.905,2635.587,4636.747,4646.521,16927.329,30717.089000000004,0.15590874999999998,0.21963225,0.38639558333333335,0.38721008333333334,1.41061075,2.559757416666667
05/16/2023,08:00,157.474,156.225,158.832,130.598,129.261,132.019,121.177,120.278,121.67,648.777,477.387,688.583,499.414,361.309,723.228,786.843,586.995,1481.887,913.212,886.54,1003.801,875.38,866.441,953.864,1473.972,1301.574,1944.979,315.753,331.405,267.201,1273.707,1067.582,1794.844,4532.053,4200.11,4897.492,1427.185,1354.151,1782.207,15756.947,15705.521,15827.907,4106.636,3594.472,4204.275,2838.435,118.844,32658.305,14619.552,12286.529,15896.35,7305.032,4330.849,10893.266,5185.479,4499.201,5844.393,1739.112,1661.82,2133.306,1812.365,1713.518,1987.682,1069.425,949.801,1159.096,1616.789,1555.92,1681.854,530.549,525.221,534.092,564.551,337.23,1030.999,1896.586,2748.709,4652.75,4158.833,21150.963,34607.841,0.15804883333333333,0.2290590833333333,0.3877291666666667,0.3465694166666666,1.76258025,2.8839867500000005
05/16/2023,08:05,176.407,156.416,280.106,57.355,31.303,135.832,121.241,120.36,121.843,479.039,470.638,490.957,655.939,597.213,697.781,638.995,582.206,1249.574,906.721,705.28,1296.28,1046.471,869.643,1313.851,1560.628,1416.499,1616.181,252.2,265.286,247.898,2648.479,1563.374,3713.449,4846.958,4390.319,5356.79,1494.726,1364.049,1806.614,15907.507,15757.481,16256.824,4080.372,3874.148,4183.73,2036.775,119.512,32895.852,14385.556,12083.086,15795.757,4405.359,4268.443,5107.333,4635.872,4495.23,5336.64,1691.059,1585.416,1774.187,1731.845,1629.127,1910.94,1005.94,931.535,1282.061,1633.254,1611.834,1671.771,550.634,525.549,694.52,740.198,420.209,1361.036,1867.466,2761.225,4579.642,4186.132,19308.774999999998,32703.239999999998,0.15562216666666664,0.23010208333333332,0.3816368333333333,0.34884433333333326,1.609064583333333,2.7252699999999996
05/16/2023,08:10,263.751,260.595,274.01,133.687,129.297,140.638,121.247,120.523,121.542,471.578,456.894,487.216,488.13,388.225,597.25,652.469,379.441,1203.777,755.506,707.442,912.929,1003.747,972.553,1297.074,1420.518,1362.893,1747.332,278.611,303.546,247.935,3326.561,1651.569,3535.963,4994.728,4514.456,5570.436,1674.842,1389.797,2338.66,16345.379,16111.6,17221.318,3976.293,3973.744,3979.69,3788.461,117.795,32910.332,14220.981,12303.579,16240.818,6747.053,4269.122,10635.658,4991.191,4499.148,5361.503,1697.22,1644.228,1810.763,1642.993,1536.526,2066.072,1034.374,855.231,1160.2,1726.103,1575.504,2024.698,645.616,642.146,648.2,798.928,477.316,1308.239,1960.971,2530.9809999999998,4373.705,4365.432,24277.64,37508.729,0.16341424999999998,0.2109150833333333,0.3644754166666667,0.363786,2.0231366666666664,3.1257274166666664
05/16/2023,08:15,260.298,258.912,261.518,135.002,130.909,138.205,126.811,121.006,184.62,488.61,449.339,523.763,389.903,388.262,392.945,463.527,378.105,995.854,773.681,716.579,894.618,975.974,970.732,982.387,1523.678,1363.346,2145.728,265.025,300.797,252.336,1312.305,1073.661,1824.311,4851.296,4241.509,5534.997,2302.965,1874.115,3116.464,16183.537,16148.979,16222.281,3859.81,3803.823,3902.262,2710.72,120.053,32826.906,14705.363,12664.761,16332.508,4381.986,4292.56,4875.513,4516.64,4508.536,4537.64,1617.14,1514.736,1670.626,1776.943,1558.164,2552.268,951.589,856.958,1006.802,2028.306,1790.99,2448.592,644.855,641.59,648.035,841.865,440.91,1339.458,1877.438,2558.682,4814.275,4694.055,18602.837,32547.287,0.15645316666666667,0.2132235,0.4011895833333334,0.39117125,1.5502364166666667,2.7122739166666667
05/16/2023,08:20,171.968,159.291,261.222,129.202,125.843,132.973,185.081,184.474,185.648,690.296,452.542,922.046,389.833,387.99,395.621,405.852,373.213,810.843,839.137,819.632,896.498,1015.862,653.384,1288.769,1615.706,1541.084,1951.008,330.187,466.904,250.395,1399.69,1065.688,1655.253,5068.382,4622.523,5646.62,1831.216,1666.852,2408.461,16218.117,16138.945,16386.031,4292.502,4045.551,4371.849,119.841,119.48,120.316,15122.777,12156.07,17885.635,5948.378,4250.28,10782.984,4513.518,4506.251,4528.563,1590.634,1567.015,1641.476,1577.91,1469.367,1654.724,1060.522,950.285,1422.34,2093.997,2022.516,2161.907,644.254,640.104,648.446,739.119,429.902,1393.928,1762.602,2483.011,5239.136,4313.451999999999,18212.166,32010.367,0.1468835,0.20691758333333335,0.4365946666666667,0.35945433333333326,1.5176805,2.6675305833333334
05/16/2023,08:25,158.999,157.553,160.747,127.505,125.549,129.918,221.581,184.684,238.982,1298.786,455.369,5436.601,471.634,386.53,1281.719,437.293,370.692,932.456,833.525,810.564,876.891,711.956,655.522,755.62,1667.712,1385.716,2679.237,228.237,247.709,222.027,1554.944,1068.208,1793.633,5992.786,4385.211,9897.704,1780.467,1691.919,2150.81,16222.93,16064.201,17265.848,4327.706,4298.013,4369.555,2637.853,119.789,33208.688,17254.203,16418.074,18032.223,5182.701,4225.456,9919.14,5361.618,4503.974,6655.14,1681.37,1584.117,2060.421,2613.912,1469.367,2732.457,1105.301,1024.937,1163.75,1883.457,1780.945,2052.436,644.347,638.38,649.722,506.896,424.286,892.862,1840.369,3535.3639999999996,5683.4800000000005,4035.0170000000003,20847.233000000004,35941.463,0.15336408333333332,0.29461366666666666,0.47362333333333334,0.33625141666666675,1.737269416666667,2.9951219166666663
05/16/2023,08:30,158.446,158.031,158.963,126.135,123.758,129.391,233.74,232.868,234.833,3063.48,455.456,6899.343,599.866,592.975,611.108,2205.978,374.333,2689.499,916.856,812.931,989.982,728.332,714.324,770.241,1453.039,1415.359,1793.596,253.834,276.34,226.465,1315.189,1062.919,1697.986,8525.517,5870.171,10208.36,1664.153,1562.303,2081.039,17244.633,17191.145,17275.834,4327.923,4287.962,4350.273,120.261,119.553,128.744,17178.998,16460.539,17982.1,4414.329,4233.324,5294.717,4520.028,4505.469,4572.875,1715.915,1620.822,1779.766,2779.022,1567.089,4124.069,1015.38,949.81,1086.868,1836.969,1732.631,2391.754,643.654,638.717,649.284,326.224,160.538,581.794,1874.3609999999999,3866.462,7270.344,5613.843,19673.096999999998,38298.107,0.15619675,0.3222051666666667,0.605862,0.46782025,1.6394247499999997,3.1915089166666673
05/16/2023,08:35,158.724,158.227,159.509,219.406,125.406,242.71,537.105,231.839,1030.131,3443.584,1274.01,9150.352,523.772,388.29,596.514,870.01,371.493,2671.911,1056.929,909.777,1333.874,737.256,716.061,746.313,1519.86,1446.751,1843.294,244.994,257.002,222.008,1509.682,1071.975,1828.693,6998.856,4689.747,10440.32,1510.333,1450.973,1557.543,17624.076,17046.631,18186.6,4221.466,4209.682,4363.702,1395.081,119.903,31886.891,17514.17,16764.951,18485.641,4443.219,4261.827,5278.989,4508.528,4499.988,4557.914,1862.231,1561.087,2114.437,1837.771,1529.149,3005.44,1011.798,946.087,1105.293,2227.245,1987.537,2741.321,600.325,528.904,649.275,342.978,154.537,588.595,2020.955,3143.642,8247.617999999999,4129.397,19511.607,37053.219,0.16841291666666666,0.26197016666666667,0.6873014999999999,0.3441164166666667,1.6259672500000002,3.0877682499999994
05/16/2023,08:40,157.966,157.376,158.804,178.311,174.845,185.279,390.497,231.43,1026.155,1304.736,1283.865,1379.695,388.869,387.654,393.57,497.996,305.515,2676.483,934.727,911.919,1022.489,715.315,712.595,719.819,1487.989,1466.155,1526.584,277.354,302.339,245.63,1411.664,1063.161,1813.798,5558.622,5055.071,7551.191,1572.362,1526.281,1727.516,16894.842,16626.311,17294.426,4297.972,4231.265,4365.594,2450.464,119.335,29685.846,18127.49,17352.449,18811.305,6881.239,4268.01,10662.577,4888.556,4493.88,5335.647,1631.436,1559.415,1712.899,1617.083,1516.979,1827.343,1084.831,957.617,1287.346,2628.955,2104.686,2716.925,531.49,528.43,535.997,413.332,343.536,558.485,1789.402,2673.803,6356.407,3870.504,21544.783,36234.899000000005,0.14911683333333334,0.22281691666666667,0.5297005833333334,0.32254200000000005,1.7953985833333332,3.019574916666667
05/16/2023,08:45,157.552,157.094,158.113,96.234,77.211,178.749,291.282,230.975,1022.106,1078.797,449.57,1291.67,407.646,386.129,512.988,400.09,303.793,2588.479,925.335,904.696,968.464,713.98,710.375,722.885,1495.194,1416.1,1560.196,283.597,292.394,278.908,1438.031,1065.034,1714.209,5387.301,4370.29,7647.667,1505.542,1449.809,1538.5,16311.406,15518.706,16666.605,4408.5,4301.682,4439.674,119.557,119.185,120.098,17981.32,16638.354,18978.354,4364.16,4049.933,5134.058,5004.898,4653.034,5725.382,1852.925,1682.382,2292.638,1651.906,1577.979,1752.432,1296.594,1141.57,1454.298,2096.32,1997.504,2675.904,530.363,527.171,533.972,358.198,347.603,392.211,2010.4769999999999,2634.431,5595.646000000001,3916.206,16606.11,30762.870000000003,0.16753974999999996,0.2195359166666667,0.46630383333333336,0.32635049999999993,1.3838424999999999,2.5635725000000003
05/16/2023,08:50,189.342,157.249,279.191,79.386,77.275,81.552,334.086,231.312,1022.134,485.461,449.265,526.151,596.966,489.646,1080.49,542.536,304.94,2913.508,927.079,904.922,971.483,713.7,710.056,718.463,1409.893,1336.774,1528.33,281.125,308.846,276.258,1551.003,1066.599,1847.106,5623.542,4449.409,7785.016,1533.648,1437.724,1873.021,16578.24,16507.568,16621.049,4555.69,4439.674,4608.953,3286.161,118.79,32845.859,16928.139,15596.488,17926.693,4156.483,4040.067,4821.407,5038.217,4477.295,5933.069,1870.75,1825.812,2359.179,1643.767,1569.765,1759.796,1217.357,1104.004,1318.137,2056.905,1945.598,2556.268,530.893,526.752,535.276,324.091,111.933,353.92,2060.092,2855.9440000000004,4879.338,4007.241,20027.863,33830.478,0.17167433333333335,0.23799533333333334,0.40661149999999996,0.33393675,1.6689885833333333,2.8192065000000004
05/16/2023,08:55,262.173,259.326,267.141,619.317,109.957,1616.828,547.109,231.357,1023.726,460.662,445.031,542.457,694.164,687.219,731.004,571.747,264.837,2747.389,1056.694,904.104,1179.711,887.621,710.02,1231.136,1370.279,1327.809,1418.974,303.609,480.181,275.441,1859.642,1015.008,3456.11,5248.688,4239.356,7129.602,1675.58,1569.998,1864.813,16584.391,16559.787,16602.906,4483.514,4386.208,4608.698,2889.387,119.181,32619.986,16844.006,14812.539,18086.578,4192.617,4027.045,4900.472,4731.908,4497.394,5262.634,1945.016,1860.71,2181.061,1813.346,1581.875,2523.544,1188.349,1077.46,1386.116,2175.5,1956.202,2799.219,531.347,528.329,535.586,111.822,107.594,145.023,2207.1890000000003,3358.228,5063.135,4323.297,19317.017000000003,34268.866,0.18393241666666668,0.2798523333333333,0.4219279166666667,0.3602747499999999,1.6097514166666669,2.855738833333334
05/16/2023,09:00,258.351,256.96,259.48,158.624,102.141,178.027,396.473,231.257,1017.402,661.287,442.694,974.271,566.484,477.189,690.658,269.056,263.836,275.926,1309.92,1120.946,1466.35,1019.143,910.062,1231.964,1426.737,1342.691,1511.61,289.041,406.637,209.702,3521.356,3158.698,3810.917,5364.787,4685.456,7289.672,1807.18,1679.89,2463.329,16896.889,16536.064,17088.807,4383.77,4334.413,4462.135,3455.299,118.89,32614.188,16805.344,15854.061,17568.91,4160.616,4028.249,4805.391,5013.744,4482.858,5355.472,1961.5,1892.783,2069.975,2211.607,1521.889,2650.668,1116.614,1047.366,1210.411,2353.681,2213.724,2854.418,529.387,525.173,533.014,107.952,107.275,112.024,2219.851,3463.605,5751.625,4211.993,21523.167,37170.241,0.18498758333333337,0.28863375,0.4793020833333333,0.35099941666666673,1.79359725,3.097520083333334
05/16/2023,09:05,157.27,156.566,158.54,138.632,119.189,182.07,383.087,230.256,1020.469,705.963,690.27,747.774,477.087,474.528,480.328,261.09,257.676,263.665,1144.412,1107.433,1192.255,912.348,907.023,917.595,1424.797,1340.125,2013.931,205.623,217.788,198.649,2390.53,1633.562,3877.312,4702.93,3889.072,5559.323,2569.508,1676.77,3181.436,15571.188,15416.955,17043.225,4641.033,4460.601,4873.464,2855.002,118.808,32139.211,16544.459,15405.958,17531.426,4046.964,3738.766,4920.888,4595.122,4474.694,5355.327,1806.818,1748.528,1905.368,2371.574,1590.113,2927.641,1036.718,890.453,1140.874,2095.272,1983.195,2688.311,540.265,528.128,676.255,252.285,110.292,377.532,1964.088,3437.371,5370.4439999999995,4779.664,19429.009000000002,34980.576,0.16367400000000001,0.28644758333333337,0.44753699999999996,0.39830533333333334,1.6190840833333335,2.915048
05/16/2023,09:10,157.317,156.662,158.2,163.875,120.898,169.902,704.279,231.83,1022.179,733.957,723.201,741.261,500.509,475.135,546.48,217.397,54.831,259.927,1366.872,1162.925,1541.819,997.97,907.077,1226.323,1711.05,1564.109,2182.455,221.974,255.467,199.321,1324.852,1065.035,1847.454,5545.441,5084.405,6050.006,1764.322,1671.067,1893.689,15764.204,15424.539,15906.395,4866.567,4802.079,4907.073,1221.586,119.421,28628.961,16098.876,13600.836,17832.777,3201.063,3105.165,4052.442,4610.046,4484.753,5387.849,1717.751,1656.29,1760.665,2224.369,1460.52,2489.519,926.203,917.46,936.014,2245.407,1988.538,2845.137,643.5,640.149,648.5,277.763,271.404,329.993,1875.068,3651.1310000000003,6057.286,3905.892,17080.771999999997,32570.148999999998,0.15625566666666665,0.3042609166666667,0.5047738333333334,0.325491,1.4233976666666666,2.7141790833333332
05/16/2023,09:15,157.64,157.326,158.195,257.357,162.184,410.006,1017.721,1015.619,1020.177,627.994,566.918,734.83,655.102,538.527,778.706,55.102,54.813,55.726,1221.22,1191.589,1259.813,963.32,906.459,1227.942,1596.255,1499.295,2128.655,253.311,267.038,248.824,1677.495,1638.251,1750.541,5336.291,4496.812,6105.878,2871.686,1869.709,3557.844,15868.779,15839.94,15896.136,4884.417,4833.601,4916.171,2867.471,119.094,33360.406,15464.891,13396.488,17141.002,3164.495,3120.34,3184.736,4854.06,4489.217,5991.953,1691.649,1645.807,1742.586,1529.278,1444.915,1625.144,1081.963,922.178,1168.222,2404.115,2204.047,3061.114,968.739,638.88,1368.737,282.203,270.152,369.312,1849.2889999999998,3455.412,5849.584,4972.071,19181.111000000004,35307.467000000004,0.15410741666666666,0.28795099999999996,0.4874653333333333,0.41433925,1.598425916666667,2.942288916666667
